file_id,frame_offset,timestamp
0,0,0.0
0,1,0.04
0,2,0.08
0,3,0.12
0,4,0.16
0,5,0.2
0,6,0.24
0,7,0.28
0,8,0.32
0,9,0.36
0,10,0.4
0,11,0.44
0,12,0.48
0,13,0.52
0,14,0.56
0,15,0.6
0,16,0.64
0,17,0.68
0,18,0.72
0,19,0.76
0,20,0.8
0,21,0.84
0,22,0.88
0,23,0.92
0,24,0.96
0,25,1.0
0,26,1.04
0,27,1.08
0,28,1.12
0,29,1.16
0,30,1.2
0,31,1.24
0,32,1.28
0,33,1.32
0,34,1.36
0,35,1.4
0,36,1.44
0,37,1.48
0,38,1.52
0,39,1.56
0,40,1.6
0,41,1.64
0,42,1.68
0,43,1.72
0,44,1.76
0,45,1.8
0,46,1.84
0,47,1.88
0,48,1.92
0,49,1.96
0,50,2.0
0,51,2.04
0,52,2.08
0,53,2.12
0,54,2.16
0,55,2.2
0,56,2.24
0,57,2.28
0,58,2.32
0,59,2.36
0,60,2.4
0,61,2.44
0,62,2.48
0,63,2.52
0,64,2.56
0,65,2.6
0,66,2.64
0,67,2.68
0,68,2.72
0,69,2.76
0,70,2.8
0,71,2.84
0,72,2.88
0,73,2.92
0,74,2.96
0,75,3.0
0,76,3.04
0,77,3.08
0,78,3.12
0,79,3.16
0,80,3.2
0,81,3.24
0,82,3.28
0,83,3.32
0,84,3.36
0,85,3.4
0,86,3.44
0,87,3.48
0,88,3.52
0,89,3.56
0,90,3.6
0,91,3.64
0,92,3.68
0,93,3.72
0,94,3.76
0,95,3.8
0,96,3.84
0,97,3.88
0,98,3.92
0,99,3.96
0,100,4.0
0,101,4.04
0,102,4.08
0,103,4.12
0,104,4.16
0,105,4.2
0,106,4.24
0,107,4.28
0,108,4.32
0,109,4.36
0,110,4.4
0,111,4.44
0,112,4.48
0,113,4.52
0,114,4.56
0,115,4.6
0,116,4.64
0,117,4.68
0,118,4.72
0,119,4.76
0,120,4.8
0,121,4.84
0,122,4.88
0,123,4.92
0,124,4.96
0,125,5.0
0,126,5.04
0,127,5.08
0,128,5.12
0,129,5.16
0,130,5.2
0,131,5.24
0,132,5.28
0,133,5.32
0,134,5.36
0,135,5.4
0,136,5.44
0,137,5.48
0,138,5.52
0,139,5.56
0,140,5.6
0,141,5.64
0,142,5.68
0,143,5.72
0,144,5.76
0,145,5.8
0,146,5.84
0,147,5.88
0,148,5.92
0,149,5.96
0,150,6.0
0,151,6.04
0,152,6.08
0,153,6.12
0,154,6.16
0,155,6.2
0,156,6.24
0,157,6.28
0,158,6.32
0,159,6.36
0,160,6.4
0,161,6.44
0,162,6.48
0,163,6.52
0,164,6.56
0,165,6.6
0,166,6.64
0,167,6.68
0,168,6.72
0,169,6.76
0,170,6.8
0,171,6.84
0,172,6.88
0,173,6.92
0,174,6.96
0,175,7.0
0,176,7.04
0,177,7.08
0,178,7.12
0,179,7.16
0,180,7.2
0,181,7.24
0,182,7.28
0,183,7.32
0,184,7.36
0,185,7.4
0,186,7.44
0,187,7.48
0,188,7.52
0,189,7.56
0,190,7.6
0,191,7.64
0,192,7.68
0,193,7.72
0,194,7.76
0,195,7.8
0,196,7.84
0,197,7.88
0,198,7.92
0,199,7.96
0,200,8.0
0,201,8.04
0,202,8.08
0,203,8.12
0,204,8.16
0,205,8.2
0,206,8.24
0,207,8.28
0,208,8.32
0,209,8.36
0,210,8.4
0,211,8.44
0,212,8.48
0,213,8.52
0,214,8.56
0,215,8.6
0,216,8.64
0,217,8.68
0,218,8.72
0,219,8.76
0,220,8.8
0,221,8.84
0,222,8.88
0,223,8.92
0,224,8.96
0,225,9.0
0,226,9.04
0,227,9.08
0,228,9.12
0,229,9.16
0,230,9.2
0,231,9.24
0,232,9.28
0,233,9.32
0,234,9.36
0,235,9.4
0,236,9.44
0,237,9.48
0,238,9.52
0,239,9.56
0,240,9.6
0,241,9.64
0,242,9.68
0,243,9.72
0,244,9.76
0,245,9.8
0,246,9.84
0,247,9.88
0,248,9.92
0,249,9.96
0,250,10.0
0,251,10.04
0,252,10.08
0,253,10.12
0,254,10.16
0,255,10.2
0,256,10.24
0,257,10.28
0,258,10.32
0,259,10.36
0,260,10.4
0,261,10.44
0,262,10.48
0,263,10.52
0,264,10.56
0,265,10.6
0,266,10.64
0,267,10.68
0,268,10.72
0,269,10.76
0,270,10.8
0,271,10.84
0,272,10.88
0,273,10.92
0,274,10.96
0,275,11.0
0,276,11.04
0,277,11.08
0,278,11.12
0,279,11.16
0,280,11.2
0,281,11.24
0,282,11.28
0,283,11.32
0,284,11.36
0,285,11.4
0,286,11.44
0,287,11.48
0,288,11.52
0,289,11.56
0,290,11.6
0,291,11.64
0,292,11.68
0,293,11.72
0,294,11.76
0,295,11.8
0,296,11.84
0,297,11.88
0,298,11.92
0,299,11.96
0,300,12.0
0,301,12.04
0,302,12.08
0,303,12.12
0,304,12.16
0,305,12.2
0,306,12.24
0,307,12.28
0,308,12.32
0,309,12.36
0,310,12.4
0,311,12.44
0,312,12.48
0,313,12.52
0,314,12.56
0,315,12.6
0,316,12.64
0,317,12.68
0,318,12.72
0,319,12.76
0,320,12.8
0,321,12.84
0,322,12.88
0,323,12.92
0,324,12.96
0,325,13.0
0,326,13.04
0,327,13.08
0,328,13.12
0,329,13.16
0,330,13.2
0,331,13.24
0,332,13.28
0,333,13.32
0,334,13.36
0,335,13.4
0,336,13.44
0,337,13.48
0,338,13.52
0,339,13.56
0,340,13.6
0,341,13.64
0,342,13.68
0,343,13.72
0,344,13.76
0,345,13.8
0,346,13.84
0,347,13.88
0,348,13.92
0,349,13.96
0,350,14.0
0,351,14.04
0,352,14.08
0,353,14.12
0,354,14.16
0,355,14.2
0,356,14.24
0,357,14.28
0,358,14.32
0,359,14.36
0,360,14.4
0,361,14.44
0,362,14.48
0,363,14.52
0,364,14.56
0,365,14.6
0,366,14.64
0,367,14.68
0,368,14.72
0,369,14.76
0,370,14.8
0,371,14.84
0,372,14.88
0,373,14.92
0,374,14.96
0,375,15.0
0,376,15.04
0,377,15.08
0,378,15.12
0,379,15.16
0,380,15.2
0,381,15.24
0,382,15.28
0,383,15.32
0,384,15.36
0,385,15.4
0,386,15.44
0,387,15.48
0,388,15.52
0,389,15.56
0,390,15.6
0,391,15.64
0,392,15.68
0,393,15.72
0,394,15.76
0,395,15.8
0,396,15.84
0,397,15.88
0,398,15.92
0,399,15.96
0,400,16.0
0,401,16.04
0,402,16.08
0,403,16.12
0,404,16.16
0,405,16.2
0,406,16.24
0,407,16.28
0,408,16.32
0,409,16.36
0,410,16.4
0,411,16.44
0,412,16.48
0,413,16.52
0,414,16.56
0,415,16.6
0,416,16.64
0,417,16.68
0,418,16.72
0,419,16.76
0,420,16.8
0,421,16.84
0,422,16.88
0,423,16.92
0,424,16.96
0,425,17.0
0,426,17.04
0,427,17.08
0,428,17.12
0,429,17.16
0,430,17.2
0,431,17.24
0,432,17.28
0,433,17.32
0,434,17.36
0,435,17.4
0,436,17.44
0,437,17.48
0,438,17.52
0,439,17.56
0,440,17.6
0,441,17.64
0,442,17.68
0,443,17.72
0,444,17.76
0,445,17.8
0,446,17.84
0,447,17.88
0,448,17.92
0,449,17.96
0,450,18.0
0,451,18.04
0,452,18.08
0,453,18.12
0,454,18.16
0,455,18.2
0,456,18.24
0,457,18.28
0,458,18.32
0,459,18.36
0,460,18.4
0,461,18.44
0,462,18.48
0,463,18.52
0,464,18.56
0,465,18.6
0,466,18.64
0,467,18.68
0,468,18.72
0,469,18.76
0,470,18.8
0,471,18.84
0,472,18.88
0,473,18.92
0,474,18.96
0,475,19.0
0,476,19.04
0,477,19.08
0,478,19.12
0,479,19.16
0,480,19.2
0,481,19.24
0,482,19.28
0,483,19.32
0,484,19.36
0,485,19.4
0,486,19.44
0,487,19.48
0,488,19.52
0,489,19.56
0,490,19.6
0,491,19.64
0,492,19.68
0,493,19.72
0,494,19.76
0,495,19.8
0,496,19.84
0,497,19.88
0,498,19.92
0,499,19.96
0,500,20.0
0,501,20.04
0,502,20.08
0,503,20.12
0,504,20.16
0,505,20.2
0,506,20.24
0,507,20.28
0,508,20.32
0,509,20.36
0,510,20.4
0,511,20.44
0,512,20.48
0,513,20.52
0,514,20.56
0,515,20.6
0,516,20.64
0,517,20.68
0,518,20.72
0,519,20.76
0,520,20.8
0,521,20.84
0,522,20.88
0,523,20.92
0,524,20.96
0,525,21.0
0,526,21.04
0,527,21.08
0,528,21.12
0,529,21.16
0,530,21.2
0,531,21.24
0,532,21.28
0,533,21.32
0,534,21.36
0,535,21.4
0,536,21.44
0,537,21.48
0,538,21.52
0,539,21.56
0,540,21.6
0,541,21.64
0,542,21.68
0,543,21.72
0,544,21.76
0,545,21.8
0,546,21.84
0,547,21.88
0,548,21.92
0,549,21.96
0,550,22.0
0,551,22.04
0,552,22.08
0,553,22.12
0,554,22.16
0,555,22.2
0,556,22.24
0,557,22.28
0,558,22.32
0,559,22.36
0,560,22.4
0,561,22.44
0,562,22.48
0,563,22.52
0,564,22.56
0,565,22.6
0,566,22.64
0,567,22.68
0,568,22.72
0,569,22.76
0,570,22.8
0,571,22.84
0,572,22.88
0,573,22.92
0,574,22.96
0,575,23.0
0,576,23.04
0,577,23.08
0,578,23.12
0,579,23.16
0,580,23.2
0,581,23.24
0,582,23.28
0,583,23.32
0,584,23.36
0,585,23.4
0,586,23.44
0,587,23.48
0,588,23.52
0,589,23.56
0,590,23.6
0,591,23.64
0,592,23.68
0,593,23.72
0,594,23.76
0,595,23.8
0,596,23.84
0,597,23.88
0,598,23.92
0,599,23.96
0,600,24.0
0,601,24.04
0,602,24.08
0,603,24.12
0,604,24.16
0,605,24.2
0,606,24.24
1,0,0.0
1,1,0.04
1,2,0.08
1,3,0.12
1,4,0.16
1,5,0.2
1,6,0.24
1,7,0.28
1,8,0.32
1,9,0.36
1,10,0.4
1,11,0.44
1,12,0.48
1,13,0.52
1,14,0.56
1,15,0.6
1,16,0.64
1,17,0.68
1,18,0.72
1,19,0.76
1,20,0.8
1,21,0.84
1,22,0.88
1,23,0.92
1,24,0.96
1,25,1.0
1,26,1.04
1,27,1.08
1,28,1.12
1,29,1.16
1,30,1.2
1,31,1.24
1,32,1.28
1,33,1.32
1,34,1.36
1,35,1.4
1,36,1.44
1,37,1.48
1,38,1.52
1,39,1.56
1,40,1.6
1,41,1.64
1,42,1.68
1,43,1.72
1,44,1.76
1,45,1.8
1,46,1.84
1,47,1.88
1,48,1.92
1,49,1.96
1,50,2.0
1,51,2.04
1,52,2.08
1,53,2.12
1,54,2.16
1,55,2.2
1,56,2.24
1,57,2.28
1,58,2.32
1,59,2.36
1,60,2.4
1,61,2.44
1,62,2.48
1,63,2.52
1,64,2.56
1,65,2.6
1,66,2.64
1,67,2.68
1,68,2.72
1,69,2.76
1,70,2.8
1,71,2.84
1,72,2.88
1,73,2.92
1,74,2.96
1,75,3.0
1,76,3.04
1,77,3.08
1,78,3.12
1,79,3.16
1,80,3.2
1,81,3.24
1,82,3.28
1,83,3.32
1,84,3.36
1,85,3.4
1,86,3.44
1,87,3.48
1,88,3.52
1,89,3.56
1,90,3.6
1,91,3.64
1,92,3.68
1,93,3.72
1,94,3.76
1,95,3.8
1,96,3.84
1,97,3.88
1,98,3.92
1,99,3.96
1,100,4.0
1,101,4.04
1,102,4.08
1,103,4.12
1,104,4.16
1,105,4.2
1,106,4.24
1,107,4.28
1,108,4.32
1,109,4.36
1,110,4.4
1,111,4.44
1,112,4.48
1,113,4.52
1,114,4.56
1,115,4.6
1,116,4.64
1,117,4.68
1,118,4.72
1,119,4.76
1,120,4.8
1,121,4.84
1,122,4.88
1,123,4.92
1,124,4.96
1,125,5.0
1,126,5.04
1,127,5.08
1,128,5.12
1,129,5.16
1,130,5.2
1,131,5.24
1,132,5.28
1,133,5.32
1,134,5.36
1,135,5.4
1,136,5.44
1,137,5.48
1,138,5.52
1,139,5.56
1,140,5.6
1,141,5.64
1,142,5.68
1,143,5.72
1,144,5.76
1,145,5.8
1,146,5.84
1,147,5.88
1,148,5.92
1,149,5.96
1,150,6.0
1,151,6.04
1,152,6.08
1,153,6.12
1,154,6.16
1,155,6.2
1,156,6.24
1,157,6.28
1,158,6.32
1,159,6.36
1,160,6.4
1,161,6.44
1,162,6.48
1,163,6.52
1,164,6.56
1,165,6.6
1,166,6.64
1,167,6.68
1,168,6.72
1,169,6.76
1,170,6.8
1,171,6.84
1,172,6.88
1,173,6.92
1,174,6.96
1,175,7.0
1,176,7.04
1,177,7.08
1,178,7.12
1,179,7.16
1,180,7.2
1,181,7.24
1,182,7.28
1,183,7.32
1,184,7.36
1,185,7.4
1,186,7.44
1,187,7.48
1,188,7.52
1,189,7.56
1,190,7.6
1,191,7.64
1,192,7.68
1,193,7.72
1,194,7.76
1,195,7.8
1,196,7.84
1,197,7.88
1,198,7.92
1,199,7.96
1,200,8.0
1,201,8.04
1,202,8.08
1,203,8.12
1,204,8.16
1,205,8.2
1,206,8.24
1,207,8.28
1,208,8.32
1,209,8.36
1,210,8.4
1,211,8.44
1,212,8.48
1,213,8.52
1,214,8.56
1,215,8.6
1,216,8.64
1,217,8.68
1,218,8.72
1,219,8.76
1,220,8.8
1,221,8.84
1,222,8.88
1,223,8.92
1,224,8.96
1,225,9.0
1,226,9.04
1,227,9.08
1,228,9.12
1,229,9.16
1,230,9.2
1,231,9.24
1,232,9.28
1,233,9.32
1,234,9.36
1,235,9.4
1,236,9.44
1,237,9.48
1,238,9.52
1,239,9.56
1,240,9.6
1,241,9.64
1,242,9.68
1,243,9.72
1,244,9.76
1,245,9.8
1,246,9.84
1,247,9.88
1,248,9.92
1,249,9.96
1,250,10.0
1,251,10.04
1,252,10.08
1,253,10.12
1,254,10.16
1,255,10.2
1,256,10.24
1,257,10.28
1,258,10.32
1,259,10.36
1,260,10.4
1,261,10.44
1,262,10.48
1,263,10.52
1,264,10.56
1,265,10.6
1,266,10.64
1,267,10.68
1,268,10.72
1,269,10.76
1,270,10.8
1,271,10.84
1,272,10.88
1,273,10.92
1,274,10.96
1,275,11.0
1,276,11.04
1,277,11.08
1,278,11.12
1,279,11.16
1,280,11.2
1,281,11.24
1,282,11.28
1,283,11.32
1,284,11.36
1,285,11.4
1,286,11.44
1,287,11.48
1,288,11.52
1,289,11.56
1,290,11.6
1,291,11.64
1,292,11.68
1,293,11.72
1,294,11.76
1,295,11.8
1,296,11.84
1,297,11.88
1,298,11.92
1,299,11.96
1,300,12.0
1,301,12.04
1,302,12.08
1,303,12.12
1,304,12.16
1,305,12.2
1,306,12.24
1,307,12.28
1,308,12.32
1,309,12.36
1,310,12.4
1,311,12.44
1,312,12.48
1,313,12.52
1,314,12.56
1,315,12.6
1,316,12.64
1,317,12.68
1,318,12.72
1,319,12.76
1,320,12.8
1,321,12.84
1,322,12.88
1,323,12.92
1,324,12.96
1,325,13.0
1,326,13.04
1,327,13.08
1,328,13.12
1,329,13.16
1,330,13.2
1,331,13.24
1,332,13.28
1,333,13.32
1,334,13.36
1,335,13.4
1,336,13.44
1,337,13.48
1,338,13.52
1,339,13.56
1,340,13.6
1,341,13.64
1,342,13.68
1,343,13.72
1,344,13.76
1,345,13.8
1,346,13.84
1,347,13.88
1,348,13.92
1,349,13.96
1,350,14.0
1,351,14.04
1,352,14.08
1,353,14.12
1,354,14.16
1,355,14.2
1,356,14.24
1,357,14.28
1,358,14.32
1,359,14.36
1,360,14.4
1,361,14.44
1,362,14.48
1,363,14.52
1,364,14.56
1,365,14.6
1,366,14.64
1,367,14.68
1,368,14.72
1,369,14.76
1,370,14.8
1,371,14.84
1,372,14.88
1,373,14.92
1,374,14.96
1,375,15.0
1,376,15.04
1,377,15.08
1,378,15.12
1,379,15.16
1,380,15.2
1,381,15.24
1,382,15.28
1,383,15.32
1,384,15.36
1,385,15.4
1,386,15.44
1,387,15.48
1,388,15.52
1,389,15.56
1,390,15.6
1,391,15.64
1,392,15.68
1,393,15.72
1,394,15.76
1,395,15.8
1,396,15.84
1,397,15.88
1,398,15.92
1,399,15.96
1,400,16.0
1,401,16.04
1,402,16.08
1,403,16.12
1,404,16.16
1,405,16.2
1,406,16.24
1,407,16.28
1,408,16.32
1,409,16.36
1,410,16.4
1,411,16.44
1,412,16.48
1,413,16.52
1,414,16.56
1,415,16.6
1,416,16.64
1,417,16.68
1,418,16.72
1,419,16.76
1,420,16.8
1,421,16.84
1,422,16.88
1,423,16.92
1,424,16.96
1,425,17.0
1,426,17.04
1,427,17.08
1,428,17.12
1,429,17.16
1,430,17.2
1,431,17.24
1,432,17.28
1,433,17.32
1,434,17.36
1,435,17.4
1,436,17.44
1,437,17.48
1,438,17.52
1,439,17.56
1,440,17.6
1,441,17.64
1,442,17.68
1,443,17.72
1,444,17.76
1,445,17.8
1,446,17.84
1,447,17.88
1,448,17.92
1,449,17.96
1,450,18.0
1,451,18.04
1,452,18.08
1,453,18.12
1,454,18.16
1,455,18.2
1,456,18.24
1,457,18.28
1,458,18.32
1,459,18.36
1,460,18.4
1,461,18.44
1,462,18.48
1,463,18.52
1,464,18.56
1,465,18.6
1,466,18.64
1,467,18.68
1,468,18.72
1,469,18.76
1,470,18.8
1,471,18.84
1,472,18.88
1,473,18.92
1,474,18.96
1,475,19.0
1,476,19.04
1,477,19.08
1,478,19.12
1,479,19.16
1,480,19.2
1,481,19.24
1,482,19.28
1,483,19.32
1,484,19.36
1,485,19.4
1,486,19.44
1,487,19.48
1,488,19.52
1,489,19.56
1,490,19.6
1,491,19.64
1,492,19.68
1,493,19.72
1,494,19.76
1,495,19.8
1,496,19.84
1,497,19.88
1,498,19.92
1,499,19.96
1,500,20.0
1,501,20.04
1,502,20.08
1,503,20.12
1,504,20.16
1,505,20.2
1,506,20.24
1,507,20.28
1,508,20.32
1,509,20.36
1,510,20.4
1,511,20.44
1,512,20.48
1,513,20.52
1,514,20.56
1,515,20.6
1,516,20.64
1,517,20.68
1,518,20.72
1,519,20.76
1,520,20.8
1,521,20.84
1,522,20.88
1,523,20.92
1,524,20.96
1,525,21.0
1,526,21.04
1,527,21.08
1,528,21.12
1,529,21.16
1,530,21.2
1,531,21.24
1,532,21.28
1,533,21.32
1,534,21.36
1,535,21.4
1,536,21.44
1,537,21.48
1,538,21.52
1,539,21.56
1,540,21.6
1,541,21.64
1,542,21.68
1,543,21.72
1,544,21.76
1,545,21.8
1,546,21.84
1,547,21.88
1,548,21.92
1,549,21.96
1,550,22.0
1,551,22.04
1,552,22.08
1,553,22.12
1,554,22.16
1,555,22.2
1,556,22.24
1,557,22.28
1,558,22.32
1,559,22.36
1,560,22.4
1,561,22.44
1,562,22.48
1,563,22.52
1,564,22.56
1,565,22.6
1,566,22.64
1,567,22.68
1,568,22.72
1,569,22.76
1,570,22.8
1,571,22.84
1,572,22.88
1,573,22.92
1,574,22.96
1,575,23.0
1,576,23.04
1,577,23.08
1,578,23.12
1,579,23.16
1,580,23.2
1,581,23.24
1,582,23.28
1,583,23.32
1,584,23.36
1,585,23.4
1,586,23.44
1,587,23.48
1,588,23.52
1,589,23.56
1,590,23.6
1,591,23.64
1,592,23.68
1,593,23.72
1,594,23.76
1,595,23.8
1,596,23.84
1,597,23.88
1,598,23.92
1,599,23.96
1,600,24.0
1,601,24.04
1,602,24.08
1,603,24.12
1,604,24.16
1,605,24.2
1,606,24.24
1,607,24.28
1,608,24.32
1,609,24.36
1,610,24.4
1,611,24.44
1,612,24.48
1,613,24.52
1,614,24.56
1,615,24.6
1,616,24.64
1,617,24.68
1,618,24.72
1,619,24.76
1,620,24.8
1,621,24.84
1,622,24.88
1,623,24.92
1,624,24.96
1,625,25.0
1,626,25.04
1,627,25.08
1,628,25.12
1,629,25.16
1,630,25.2
1,631,25.24
1,632,25.28
1,633,25.32
1,634,25.36
1,635,25.4
1,636,25.44
1,637,25.48
1,638,25.52
1,639,25.56
1,640,25.6
1,641,25.64
1,642,25.68
1,643,25.72
1,644,25.76
1,645,25.8
1,646,25.84
1,647,25.88
1,648,25.92
1,649,25.96
1,650,26.0
1,651,26.04
1,652,26.08
1,653,26.12
1,654,26.16
1,655,26.2
1,656,26.24
1,657,26.28
1,658,26.32
1,659,26.36
1,660,26.4
1,661,26.44
1,662,26.48
1,663,26.52
1,664,26.56
1,665,26.6
1,666,26.64
1,667,26.68
1,668,26.72
1,669,26.76
1,670,26.8
1,671,26.84
1,672,26.88
1,673,26.92
1,674,26.96
1,675,27.0
1,676,27.04
1,677,27.08
1,678,27.12
1,679,27.16
1,680,27.2
1,681,27.24
1,682,27.28
1,683,27.32
1,684,27.36
1,685,27.4
1,686,27.44
1,687,27.48
1,688,27.52
1,689,27.56
1,690,27.6
1,691,27.64
1,692,27.68
1,693,27.72
1,694,27.76
1,695,27.8
1,696,27.84
1,697,27.88
1,698,27.92
1,699,27.96
1,700,28.0
1,701,28.04
1,702,28.08
1,703,28.12
1,704,28.16
1,705,28.2
1,706,28.24
1,707,28.28
1,708,28.32
1,709,28.36
1,710,28.4
1,711,28.44
1,712,28.48
1,713,28.52
1,714,28.56
1,715,28.6
1,716,28.64
1,717,28.68
1,718,28.72
1,719,28.76
1,720,28.8
1,721,28.84
1,722,28.88
1,723,28.92
1,724,28.96
1,725,29.0
1,726,29.04
1,727,29.08
1,728,29.12
1,729,29.16
1,730,29.2
1,731,29.24
1,732,29.28
1,733,29.32
1,734,29.36
1,735,29.4
1,736,29.44
1,737,29.48
1,738,29.52
1,739,29.56
1,740,29.6
1,741,29.64
1,742,29.68
1,743,29.72
1,744,29.76
1,745,29.8
1,746,29.84
1,747,29.88
1,748,29.92
1,749,29.96
1,750,30.0
1,751,30.04
1,752,30.08
1,753,30.12
1,754,30.16
1,755,30.2
1,756,30.24
1,757,30.28
1,758,30.32
1,759,30.36
1,760,30.4
1,761,30.44
1,762,30.48
1,763,30.52
1,764,30.56
1,765,30.6
1,766,30.64
1,767,30.68
1,768,30.72
1,769,30.76
1,770,30.8
1,771,30.84
1,772,30.88
1,773,30.92
1,774,30.96
1,775,31.0
1,776,31.04
1,777,31.08
1,778,31.12
1,779,31.16
1,780,31.2
1,781,31.24
1,782,31.28
1,783,31.32
1,784,31.36
1,785,31.4
1,786,31.44
1,787,31.48
1,788,31.52
1,789,31.56
1,790,31.6
1,791,31.64
1,792,31.68
1,793,31.72
1,794,31.76
1,795,31.8
1,796,31.84
1,797,31.88
1,798,31.92
1,799,31.96
1,800,32.0
1,801,32.04
1,802,32.08
1,803,32.12
1,804,32.16
1,805,32.2
1,806,32.24
1,807,32.28
1,808,32.32
1,809,32.36
1,810,32.4
1,811,32.44
1,812,32.48
1,813,32.52
1,814,32.56
1,815,32.6
1,816,32.64
1,817,32.68
1,818,32.72
1,819,32.76
1,820,32.8
1,821,32.84
1,822,32.88
1,823,32.92
1,824,32.96
1,825,33.0
1,826,33.04
1,827,33.08
1,828,33.12
1,829,33.16
1,830,33.2
1,831,33.24
1,832,33.28
1,833,33.32
1,834,33.36
1,835,33.4
1,836,33.44
1,837,33.48
1,838,33.52
1,839,33.56
1,840,33.6
1,841,33.64
1,842,33.68
1,843,33.72
1,844,33.76
1,845,33.8
1,846,33.84
1,847,33.88
1,848,33.92
1,849,33.96
1,850,34.0
1,851,34.04
1,852,34.08
1,853,34.12
1,854,34.16
1,855,34.2
1,856,34.24
1,857,34.28
1,858,34.32
1,859,34.36
1,860,34.4
1,861,34.44
1,862,34.48
1,863,34.52
1,864,34.56
1,865,34.6
1,866,34.64
1,867,34.68
1,868,34.72
1,869,34.76
1,870,34.8
1,871,34.84
1,872,34.88
1,873,34.92
1,874,34.96
1,875,35.0
1,876,35.04
1,877,35.08
1,878,35.12
1,879,35.16
1,880,35.2
1,881,35.24
1,882,35.28
1,883,35.32
1,884,35.36
1,885,35.4
1,886,35.44
1,887,35.48
1,888,35.52
1,889,35.56
1,890,35.6
1,891,35.64
1,892,35.68
1,893,35.72
1,894,35.76
1,895,35.8
1,896,35.84
1,897,35.88
1,898,35.92
1,899,35.96
1,900,36.0
1,901,36.04
1,902,36.08
1,903,36.12
1,904,36.16
1,905,36.2
1,906,36.24
1,907,36.28
1,908,36.32
1,909,36.36
1,910,36.4
1,911,36.44
1,912,36.48
1,913,36.52
1,914,36.56
1,915,36.6
1,916,36.64
1,917,36.68
1,918,36.72
1,919,36.76
1,920,36.8
1,921,36.84
1,922,36.88
1,923,36.92
1,924,36.96
1,925,37.0
1,926,37.04
1,927,37.08
1,928,37.12
1,929,37.16
1,930,37.2
1,931,37.24
1,932,37.28
1,933,37.32
1,934,37.36
1,935,37.4
1,936,37.44
1,937,37.48
1,938,37.52
1,939,37.56
1,940,37.6
1,941,37.64
1,942,37.68
1,943,37.72
1,944,37.76
1,945,37.8
1,946,37.84
1,947,37.88
1,948,37.92
1,949,37.96
1,950,38.0
1,951,38.04
1,952,38.08
1,953,38.12
1,954,38.16
1,955,38.2
1,956,38.24
1,957,38.28
1,958,38.32
1,959,38.36
1,960,38.4
1,961,38.44
1,962,38.48
1,963,38.52
1,964,38.56
1,965,38.6
1,966,38.64
1,967,38.68
1,968,38.72
1,969,38.76
1,970,38.8
1,971,38.84
1,972,38.88
1,973,38.92
1,974,38.96
1,975,39.0
1,976,39.04
1,977,39.08
1,978,39.12
1,979,39.16
1,980,39.2
1,981,39.24
1,982,39.28
1,983,39.32
1,984,39.36
1,985,39.4
1,986,39.44
1,987,39.48
1,988,39.52
1,989,39.56
1,990,39.6
1,991,39.64
1,992,39.68
1,993,39.72
1,994,39.76
1,995,39.8
1,996,39.84
1,997,39.88
1,998,39.92
1,999,39.96
1,1000,40.0
1,1001,40.04
1,1002,40.08
1,1003,40.12
1,1004,40.16
1,1005,40.2
1,1006,40.24
1,1007,40.28
1,1008,40.32
1,1009,40.36
1,1010,40.4
1,1011,40.44
1,1012,40.48
1,1013,40.52
1,1014,40.56
1,1015,40.6
1,1016,40.64
1,1017,40.68
1,1018,40.72
1,1019,40.76
1,1020,40.8
1,1021,40.84
1,1022,40.88
1,1023,40.92
1,1024,40.96
1,1025,41.0
1,1026,41.04
1,1027,41.08
1,1028,41.12
1,1029,41.16
1,1030,41.2
1,1031,41.24
1,1032,41.28
1,1033,41.32
1,1034,41.36
1,1035,41.4
1,1036,41.44
1,1037,41.48
1,1038,41.52
1,1039,41.56
1,1040,41.6
1,1041,41.64
1,1042,41.68
1,1043,41.72
1,1044,41.76
1,1045,41.8
1,1046,41.84
1,1047,41.88
1,1048,41.92
1,1049,41.96
1,1050,42.0
1,1051,42.04
1,1052,42.08
1,1053,42.12
1,1054,42.16
1,1055,42.2
1,1056,42.24
1,1057,42.28
1,1058,42.32
1,1059,42.36
1,1060,42.4
1,1061,42.44
1,1062,42.48
1,1063,42.52
1,1064,42.56
1,1065,42.6
1,1066,42.64
1,1067,42.68
1,1068,42.72
1,1069,42.76
1,1070,42.8
1,1071,42.84
1,1072,42.88
1,1073,42.92
1,1074,42.96
1,1075,43.0
1,1076,43.04
1,1077,43.08
1,1078,43.12
1,1079,43.16
1,1080,43.2
1,1081,43.24
1,1082,43.28
1,1083,43.32
1,1084,43.36
1,1085,43.4
1,1086,43.44
1,1087,43.48
1,1088,43.52
1,1089,43.56
1,1090,43.6
1,1091,43.64
1,1092,43.68
1,1093,43.72
1,1094,43.76
1,1095,43.8
1,1096,43.84
1,1097,43.88
1,1098,43.92
1,1099,43.96
1,1100,44.0
1,1101,44.04
1,1102,44.08
1,1103,44.12
1,1104,44.16
1,1105,44.2
1,1106,44.24
1,1107,44.28
1,1108,44.32
1,1109,44.36
1,1110,44.4
1,1111,44.44
1,1112,44.48
1,1113,44.52
1,1114,44.56
1,1115,44.6
1,1116,44.64
1,1117,44.68
1,1118,44.72
1,1119,44.76
1,1120,44.8
1,1121,44.84
1,1122,44.88
1,1123,44.92
1,1124,44.96
1,1125,45.0
1,1126,45.04
1,1127,45.08
1,1128,45.12
1,1129,45.16
1,1130,45.2
1,1131,45.24
1,1132,45.28
1,1133,45.32
1,1134,45.36
1,1135,45.4
1,1136,45.44
1,1137,45.48
1,1138,45.52
1,1139,45.56
1,1140,45.6
1,1141,45.64
1,1142,45.68
1,1143,45.72
1,1144,45.76
1,1145,45.8
1,1146,45.84
1,1147,45.88
1,1148,45.92
1,1149,45.96
1,1150,46.0
1,1151,46.04
1,1152,46.08
1,1153,46.12
1,1154,46.16
1,1155,46.2
1,1156,46.24
1,1157,46.28
1,1158,46.32
1,1159,46.36
1,1160,46.4
1,1161,46.44
1,1162,46.48
1,1163,46.52
1,1164,46.56
1,1165,46.6
1,1166,46.64
1,1167,46.68
1,1168,46.72
1,1169,46.76
1,1170,46.8
1,1171,46.84
1,1172,46.88
1,1173,46.92
1,1174,46.96
1,1175,47.0
1,1176,47.04
1,1177,47.08
1,1178,47.12
1,1179,47.16
1,1180,47.2
1,1181,47.24
1,1182,47.28
1,1183,47.32
1,1184,47.36
1,1185,47.4
1,1186,47.44
1,1187,47.48
1,1188,47.52
1,1189,47.56
1,1190,47.6
1,1191,47.64
1,1192,47.68
1,1193,47.72
1,1194,47.76
1,1195,47.8
1,1196,47.84
1,1197,47.88
1,1198,47.92
1,1199,47.96
1,1200,48.0
1,1201,48.04
1,1202,48.08
1,1203,48.12
1,1204,48.16
1,1205,48.2
1,1206,48.24
1,1207,48.28
1,1208,48.32
1,1209,48.36
1,1210,48.4
1,1211,48.44
1,1212,48.48
1,1213,48.52
1,1214,48.56
1,1215,48.6
1,1216,48.64
1,1217,48.68
1,1218,48.72
1,1219,48.76
1,1220,48.8
1,1221,48.84
1,1222,48.88
1,1223,48.92
1,1224,48.96
1,1225,49.0
1,1226,49.04
1,1227,49.08
1,1228,49.12
1,1229,49.16
1,1230,49.2
1,1231,49.24
1,1232,49.28
1,1233,49.32
1,1234,49.36
1,1235,49.4
1,1236,49.44
1,1237,49.48
1,1238,49.52
1,1239,49.56
1,1240,49.6
1,1241,49.64
1,1242,49.68
1,1243,49.72
1,1244,49.76
1,1245,49.8
1,1246,49.84
1,1247,49.88
1,1248,49.92
1,1249,49.96
1,1250,50.0
1,1251,50.04
1,1252,50.08
1,1253,50.12
1,1254,50.16
1,1255,50.2
1,1256,50.24
1,1257,50.28
1,1258,50.32
1,1259,50.36
1,1260,50.4
1,1261,50.44
1,1262,50.48
1,1263,50.52
1,1264,50.56
1,1265,50.6
1,1266,50.64
1,1267,50.68
1,1268,50.72
1,1269,50.76
1,1270,50.8
1,1271,50.84
1,1272,50.88
1,1273,50.92
1,1274,50.96
1,1275,51.0
1,1276,51.04
1,1277,51.08
1,1278,51.12
1,1279,51.16
1,1280,51.2
1,1281,51.24
1,1282,51.28
1,1283,51.32
1,1284,51.36
1,1285,51.4
1,1286,51.44
1,1287,51.48
1,1288,51.52
1,1289,51.56
1,1290,51.6
1,1291,51.64
1,1292,51.68
1,1293,51.72
1,1294,51.76
1,1295,51.8
1,1296,51.84
1,1297,51.88
1,1298,51.92
1,1299,51.96
1,1300,52.0
1,1301,52.04
1,1302,52.08
1,1303,52.12
1,1304,52.16
1,1305,52.2
1,1306,52.24
1,1307,52.28
1,1308,52.32
1,1309,52.36
1,1310,52.4
1,1311,52.44
1,1312,52.48
1,1313,52.52
1,1314,52.56
1,1315,52.6
1,1316,52.64
1,1317,52.68
1,1318,52.72
1,1319,52.76
1,1320,52.8
1,1321,52.84
1,1322,52.88
1,1323,52.92
1,1324,52.96
1,1325,53.0
1,1326,53.04
1,1327,53.08
1,1328,53.12
1,1329,53.16
1,1330,53.2
1,1331,53.24
1,1332,53.28
1,1333,53.32
1,1334,53.36
1,1335,53.4
1,1336,53.44
1,1337,53.48
1,1338,53.52
1,1339,53.56
1,1340,53.6
1,1341,53.64
1,1342,53.68
1,1343,53.72
1,1344,53.76
1,1345,53.8
1,1346,53.84
1,1347,53.88
1,1348,53.92
1,1349,53.96
1,1350,54.0
1,1351,54.04
1,1352,54.08
1,1353,54.12
1,1354,54.16
1,1355,54.2
1,1356,54.24
1,1357,54.28
1,1358,54.32
1,1359,54.36
1,1360,54.4
1,1361,54.44
1,1362,54.48
1,1363,54.52
1,1364,54.56
1,1365,54.6
1,1366,54.64
1,1367,54.68
1,1368,54.72
1,1369,54.76
1,1370,54.8
1,1371,54.84
1,1372,54.88
1,1373,54.92
1,1374,54.96
1,1375,55.0
1,1376,55.04
1,1377,55.08
1,1378,55.12
1,1379,55.16
1,1380,55.2
1,1381,55.24
1,1382,55.28
1,1383,55.32
1,1384,55.36
1,1385,55.4
1,1386,55.44
1,1387,55.48
1,1388,55.52
1,1389,55.56
1,1390,55.6
1,1391,55.64
1,1392,55.68
1,1393,55.72
1,1394,55.76
1,1395,55.8
1,1396,55.84
1,1397,55.88
1,1398,55.92
1,1399,55.96
1,1400,56.0
1,1401,56.04
1,1402,56.08
1,1403,56.12
1,1404,56.16
1,1405,56.2
1,1406,56.24
1,1407,56.28
1,1408,56.32
1,1409,56.36
1,1410,56.4
1,1411,56.44
1,1412,56.48
1,1413,56.52
1,1414,56.56
1,1415,56.6
1,1416,56.64
1,1417,56.68
1,1418,56.72
1,1419,56.76
1,1420,56.8
1,1421,56.84
1,1422,56.88
1,1423,56.92
1,1424,56.96
1,1425,57.0
1,1426,57.04
1,1427,57.08
1,1428,57.12
1,1429,57.16
1,1430,57.2
1,1431,57.24
1,1432,57.28
1,1433,57.32
1,1434,57.36
1,1435,57.4
1,1436,57.44
1,1437,57.48
1,1438,57.52
1,1439,57.56
1,1440,57.6
1,1441,57.64
1,1442,57.68
1,1443,57.72
1,1444,57.76
1,1445,57.8
1,1446,57.84
1,1447,57.88
1,1448,57.92
1,1449,57.96
1,1450,58.0
1,1451,58.04
1,1452,58.08
1,1453,58.12
1,1454,58.16
1,1455,58.2
1,1456,58.24
1,1457,58.28
1,1458,58.32
1,1459,58.36
1,1460,58.4
1,1461,58.44
1,1462,58.48
1,1463,58.52
1,1464,58.56
1,1465,58.6
1,1466,58.64
1,1467,58.68
1,1468,58.72
1,1469,58.76
1,1470,58.8
1,1471,58.84
1,1472,58.88
1,1473,58.92
1,1474,58.96
1,1475,59.0
1,1476,59.04
1,1477,59.08
1,1478,59.12
1,1479,59.16
1,1480,59.2
1,1481,59.24
1,1482,59.28
1,1483,59.32
1,1484,59.36
1,1485,59.4
1,1486,59.44
1,1487,59.48
1,1488,59.52
1,1489,59.56
1,1490,59.6
1,1491,59.64
1,1492,59.68
1,1493,59.72
1,1494,59.76
1,1495,59.8
1,1496,59.84
1,1497,59.88
1,1498,59.92
1,1499,59.96
1,1500,60.0
1,1501,60.04
1,1502,60.08
1,1503,60.12
1,1504,60.16
1,1505,60.2
1,1506,60.24
1,1507,60.28
1,1508,60.32
1,1509,60.36
1,1510,60.4
1,1511,60.44
1,1512,60.48
1,1513,60.52
1,1514,60.56
1,1515,60.6
1,1516,60.64
1,1517,60.68
1,1518,60.72
1,1519,60.76
1,1520,60.8
1,1521,60.84
1,1522,60.88
1,1523,60.92
1,1524,60.96
1,1525,61.0
1,1526,61.04
1,1527,61.08
1,1528,61.12
1,1529,61.16
1,1530,61.2
1,1531,61.24
1,1532,61.28
1,1533,61.32
1,1534,61.36
1,1535,61.4
1,1536,61.44
1,1537,61.48
1,1538,61.52
1,1539,61.56
1,1540,61.6
1,1541,61.64
1,1542,61.68
1,1543,61.72
1,1544,61.76
1,1545,61.8
1,1546,61.84
1,1547,61.88
1,1548,61.92
1,1549,61.96
1,1550,62.0
1,1551,62.04
1,1552,62.08
1,1553,62.12
1,1554,62.16
1,1555,62.2
1,1556,62.24
1,1557,62.28
1,1558,62.32
1,1559,62.36
1,1560,62.4
1,1561,62.44
1,1562,62.48
1,1563,62.52
1,1564,62.56
1,1565,62.6
1,1566,62.64
1,1567,62.68
1,1568,62.72
1,1569,62.76
1,1570,62.8
1,1571,62.84
1,1572,62.88
1,1573,62.92
1,1574,62.96
1,1575,63.0
1,1576,63.04
1,1577,63.08
1,1578,63.12
1,1579,63.16
1,1580,63.2
1,1581,63.24
1,1582,63.28
1,1583,63.32
1,1584,63.36
1,1585,63.4
1,1586,63.44
1,1587,63.48
1,1588,63.52
1,1589,63.56
1,1590,63.6
1,1591,63.64
1,1592,63.68
1,1593,63.72
1,1594,63.76
1,1595,63.8
1,1596,63.84
1,1597,63.88
1,1598,63.92
1,1599,63.96
1,1600,64.0
1,1601,64.04
1,1602,64.08
1,1603,64.12
1,1604,64.16
1,1605,64.2
1,1606,64.24
1,1607,64.28
1,1608,64.32
1,1609,64.36
1,1610,64.4
1,1611,64.44
1,1612,64.48
1,1613,64.52
1,1614,64.56
1,1615,64.6
1,1616,64.64
1,1617,64.68
1,1618,64.72
1,1619,64.76
1,1620,64.8
1,1621,64.84
1,1622,64.88
1,1623,64.92
1,1624,64.96
1,1625,65.0
1,1626,65.04
1,1627,65.08
1,1628,65.12
1,1629,65.16
1,1630,65.2
1,1631,65.24
1,1632,65.28
1,1633,65.32
1,1634,65.36
1,1635,65.4
1,1636,65.44
1,1637,65.48
1,1638,65.52
1,1639,65.56
1,1640,65.6
1,1641,65.64
2,0,0.0
2,1,0.04
2,2,0.08
2,3,0.12
2,4,0.16
2,5,0.2
2,6,0.24
2,7,0.28
2,8,0.32
2,9,0.36
2,10,0.4
2,11,0.44
2,12,0.48
2,13,0.52
2,14,0.56
2,15,0.6
2,16,0.64
2,17,0.68
2,18,0.72
2,19,0.76
2,20,0.8
2,21,0.84
2,22,0.88
2,23,0.92
2,24,0.96
2,25,1.0
2,26,1.04
2,27,1.08
2,28,1.12
2,29,1.16
2,30,1.2
2,31,1.24
2,32,1.28
2,33,1.32
2,34,1.36
2,35,1.4
2,36,1.44
2,37,1.48
2,38,1.52
2,39,1.56
2,40,1.6
2,41,1.64
2,42,1.68
2,43,1.72
2,44,1.76
2,45,1.8
2,46,1.84
2,47,1.88
2,48,1.92
2,49,1.96
2,50,2.0
2,51,2.04
2,52,2.08
2,53,2.12
2,54,2.16
2,55,2.2
2,56,2.24
2,57,2.28
2,58,2.32
2,59,2.36
2,60,2.4
2,61,2.44
2,62,2.48
2,63,2.52
2,64,2.56
2,65,2.6
2,66,2.64
2,67,2.68
2,68,2.72
2,69,2.76
2,70,2.8
2,71,2.84
2,72,2.88
2,73,2.92
2,74,2.96
2,75,3.0
2,76,3.04
2,77,3.08
2,78,3.12
2,79,3.16
2,80,3.2
2,81,3.24
2,82,3.28
2,83,3.32
2,84,3.36
2,85,3.4
2,86,3.44
2,87,3.48
2,88,3.52
2,89,3.56
2,90,3.6
2,91,3.64
2,92,3.68
2,93,3.72
2,94,3.76
2,95,3.8
2,96,3.84
2,97,3.88
2,98,3.92
2,99,3.96
2,100,4.0
2,101,4.04
2,102,4.08
2,103,4.12
2,104,4.16
2,105,4.2
2,106,4.24
2,107,4.28
2,108,4.32
2,109,4.36
2,110,4.4
2,111,4.44
2,112,4.48
2,113,4.52
2,114,4.56
2,115,4.6
2,116,4.64
2,117,4.68
2,118,4.72
2,119,4.76
2,120,4.8
2,121,4.84
2,122,4.88
2,123,4.92
2,124,4.96
2,125,5.0
2,126,5.04
2,127,5.08
2,128,5.12
2,129,5.16
2,130,5.2
2,131,5.24
2,132,5.28
2,133,5.32
2,134,5.36
2,135,5.4
2,136,5.44
2,137,5.48
2,138,5.52
2,139,5.56
2,140,5.6
2,141,5.64
2,142,5.68
2,143,5.72
2,144,5.76
2,145,5.8
2,146,5.84
2,147,5.88
2,148,5.92
2,149,5.96
2,150,6.0
2,151,6.04
2,152,6.08
2,153,6.12
2,154,6.16
2,155,6.2
2,156,6.24
2,157,6.28
2,158,6.32
2,159,6.36
2,160,6.4
2,161,6.44
2,162,6.48
2,163,6.52
2,164,6.56
2,165,6.6
2,166,6.64
2,167,6.68
2,168,6.72
2,169,6.76
2,170,6.8
2,171,6.84
2,172,6.88
2,173,6.92
2,174,6.96
2,175,7.0
2,176,7.04
2,177,7.08
2,178,7.12
2,179,7.16
2,180,7.2
2,181,7.24
2,182,7.28
2,183,7.32
2,184,7.36
2,185,7.4
2,186,7.44
2,187,7.48
2,188,7.52
2,189,7.56
2,190,7.6
2,191,7.64
2,192,7.68
2,193,7.72
2,194,7.76
2,195,7.8
2,196,7.84
2,197,7.88
2,198,7.92
2,199,7.96
2,200,8.0
2,201,8.04
2,202,8.08
2,203,8.12
2,204,8.16
2,205,8.2
2,206,8.24
2,207,8.28
2,208,8.32
2,209,8.36
2,210,8.4
2,211,8.44
2,212,8.48
2,213,8.52
2,214,8.56
2,215,8.6
2,216,8.64
2,217,8.68
2,218,8.72
2,219,8.76
2,220,8.8
2,221,8.84
2,222,8.88
2,223,8.92
2,224,8.96
2,225,9.0
2,226,9.04
2,227,9.08
2,228,9.12
2,229,9.16
2,230,9.2
2,231,9.24
2,232,9.28
2,233,9.32
2,234,9.36
2,235,9.4
2,236,9.44
2,237,9.48
2,238,9.52
2,239,9.56
2,240,9.6
2,241,9.64
2,242,9.68
2,243,9.72
2,244,9.76
2,245,9.8
2,246,9.84
2,247,9.88
2,248,9.92
2,249,9.96
2,250,10.0
2,251,10.04
2,252,10.08
2,253,10.12
2,254,10.16
2,255,10.2
2,256,10.24
2,257,10.28
2,258,10.32
2,259,10.36
2,260,10.4
2,261,10.44
2,262,10.48
2,263,10.52
2,264,10.56
2,265,10.6
2,266,10.64
2,267,10.68
2,268,10.72
2,269,10.76
2,270,10.8
2,271,10.84
2,272,10.88
2,273,10.92
2,274,10.96
2,275,11.0
2,276,11.04
2,277,11.08
2,278,11.12
2,279,11.16
2,280,11.2
2,281,11.24
2,282,11.28
2,283,11.32
2,284,11.36
2,285,11.4
2,286,11.44
2,287,11.48
2,288,11.52
2,289,11.56
2,290,11.6
2,291,11.64
2,292,11.68
2,293,11.72
2,294,11.76
2,295,11.8
2,296,11.84
2,297,11.88
2,298,11.92
2,299,11.96
2,300,12.0
2,301,12.04
2,302,12.08
2,303,12.12
2,304,12.16
2,305,12.2
2,306,12.24
2,307,12.28
2,308,12.32
2,309,12.36
2,310,12.4
2,311,12.44
2,312,12.48
2,313,12.52
2,314,12.56
2,315,12.6
2,316,12.64
2,317,12.68
2,318,12.72
2,319,12.76
2,320,12.8
2,321,12.84
2,322,12.88
2,323,12.92
2,324,12.96
2,325,13.0
2,326,13.04
2,327,13.08
2,328,13.12
2,329,13.16
2,330,13.2
2,331,13.24
2,332,13.28
2,333,13.32
2,334,13.36
2,335,13.4
2,336,13.44
2,337,13.48
2,338,13.52
2,339,13.56
2,340,13.6
2,341,13.64
2,342,13.68
2,343,13.72
2,344,13.76
2,345,13.8
2,346,13.84
2,347,13.88
2,348,13.92
2,349,13.96
2,350,14.0
2,351,14.04
2,352,14.08
2,353,14.12
2,354,14.16
2,355,14.2
2,356,14.24
2,357,14.28
2,358,14.32
2,359,14.36
2,360,14.4
2,361,14.44
2,362,14.48
2,363,14.52
2,364,14.56
2,365,14.6
2,366,14.64
2,367,14.68
2,368,14.72
2,369,14.76
2,370,14.8
2,371,14.84
2,372,14.88
2,373,14.92
2,374,14.96
2,375,15.0
2,376,15.04
2,377,15.08
2,378,15.12
2,379,15.16
2,380,15.2
2,381,15.24
2,382,15.28
2,383,15.32
2,384,15.36
2,385,15.4
2,386,15.44
2,387,15.48
2,388,15.52
2,389,15.56
2,390,15.6
2,391,15.64
2,392,15.68
2,393,15.72
2,394,15.76
2,395,15.8
2,396,15.84
2,397,15.88
2,398,15.92
2,399,15.96
2,400,16.0
2,401,16.04
2,402,16.08
2,403,16.12
2,404,16.16
2,405,16.2
2,406,16.24
2,407,16.28
2,408,16.32
2,409,16.36
2,410,16.4
2,411,16.44
2,412,16.48
2,413,16.52
2,414,16.56
2,415,16.6
2,416,16.64
2,417,16.68
2,418,16.72
2,419,16.76
2,420,16.8
2,421,16.84
2,422,16.88
2,423,16.92
2,424,16.96
2,425,17.0
2,426,17.04
2,427,17.08
2,428,17.12
2,429,17.16
2,430,17.2
2,431,17.24
2,432,17.28
2,433,17.32
2,434,17.36
2,435,17.4
2,436,17.44
2,437,17.48
2,438,17.52
2,439,17.56
2,440,17.6
2,441,17.64
2,442,17.68
2,443,17.72
2,444,17.76
2,445,17.8
2,446,17.84
2,447,17.88
2,448,17.92
2,449,17.96
2,450,18.0
2,451,18.04
2,452,18.08
2,453,18.12
2,454,18.16
2,455,18.2
2,456,18.24
2,457,18.28
2,458,18.32
2,459,18.36
2,460,18.4
2,461,18.44
2,462,18.48
2,463,18.52
2,464,18.56
2,465,18.6
2,466,18.64
2,467,18.68
2,468,18.72
2,469,18.76
2,470,18.8
2,471,18.84
2,472,18.88
2,473,18.92
2,474,18.96
2,475,19.0
2,476,19.04
2,477,19.08
2,478,19.12
2,479,19.16
2,480,19.2
2,481,19.24
2,482,19.28
2,483,19.32
2,484,19.36
2,485,19.4
2,486,19.44
2,487,19.48
2,488,19.52
2,489,19.56
2,490,19.6
2,491,19.64
2,492,19.68
2,493,19.72
2,494,19.76
2,495,19.8
2,496,19.84
2,497,19.88
2,498,19.92
2,499,19.96
2,500,20.0
2,501,20.04
2,502,20.08
2,503,20.12
2,504,20.16
2,505,20.2
2,506,20.24
2,507,20.28
2,508,20.32
2,509,20.36
2,510,20.4
2,511,20.44
2,512,20.48
2,513,20.52
2,514,20.56
2,515,20.6
2,516,20.64
2,517,20.68
2,518,20.72
2,519,20.76
2,520,20.8
2,521,20.84
2,522,20.88
2,523,20.92
2,524,20.96
2,525,21.0
2,526,21.04
2,527,21.08
2,528,21.12
2,529,21.16
2,530,21.2
2,531,21.24
2,532,21.28
2,533,21.32
2,534,21.36
2,535,21.4
2,536,21.44
2,537,21.48
2,538,21.52
2,539,21.56
2,540,21.6
2,541,21.64
2,542,21.68
2,543,21.72
2,544,21.76
2,545,21.8
2,546,21.84
2,547,21.88
2,548,21.92
2,549,21.96
2,550,22.0
2,551,22.04
2,552,22.08
2,553,22.12
2,554,22.16
2,555,22.2
2,556,22.24
2,557,22.28
2,558,22.32
2,559,22.36
2,560,22.4
2,561,22.44
2,562,22.48
2,563,22.52
2,564,22.56
2,565,22.6
2,566,22.64
2,567,22.68
2,568,22.72
2,569,22.76
2,570,22.8
2,571,22.84
2,572,22.88
2,573,22.92
2,574,22.96
2,575,23.0
2,576,23.04
2,577,23.08
2,578,23.12
2,579,23.16
2,580,23.2
2,581,23.24
2,582,23.28
2,583,23.32
2,584,23.36
2,585,23.4
2,586,23.44
2,587,23.48
2,588,23.52
2,589,23.56
2,590,23.6
2,591,23.64
2,592,23.68
2,593,23.72
2,594,23.76
2,595,23.8
2,596,23.84
2,597,23.88
2,598,23.92
2,599,23.96
2,600,24.0
2,601,24.04
2,602,24.08
2,603,24.12
2,604,24.16
2,605,24.2
2,606,24.24
2,607,24.28
2,608,24.32
2,609,24.36
2,610,24.4
2,611,24.44
2,612,24.48
2,613,24.52
2,614,24.56
2,615,24.6
2,616,24.64
2,617,24.68
2,618,24.72
2,619,24.76
2,620,24.8
2,621,24.84
2,622,24.88
2,623,24.92
2,624,24.96
2,625,25.0
2,626,25.04
2,627,25.08
2,628,25.12
2,629,25.16
2,630,25.2
2,631,25.24
2,632,25.28
2,633,25.32
2,634,25.36
2,635,25.4
2,636,25.44
2,637,25.48
2,638,25.52
2,639,25.56
2,640,25.6
2,641,25.64
2,642,25.68
2,643,25.72
2,644,25.76
2,645,25.8
2,646,25.84
2,647,25.88
2,648,25.92
2,649,25.96
2,650,26.0
2,651,26.04
2,652,26.08
2,653,26.12
2,654,26.16
2,655,26.2
2,656,26.24
2,657,26.28
2,658,26.32
2,659,26.36
2,660,26.4
2,661,26.44
2,662,26.48
2,663,26.52
2,664,26.56
2,665,26.6
2,666,26.64
2,667,26.68
2,668,26.72
2,669,26.76
2,670,26.8
2,671,26.84
2,672,26.88
2,673,26.92
2,674,26.96
2,675,27.0
2,676,27.04
2,677,27.08
2,678,27.12
2,679,27.16
2,680,27.2
2,681,27.24
2,682,27.28
2,683,27.32
2,684,27.36
2,685,27.4
2,686,27.44
2,687,27.48
2,688,27.52
2,689,27.56
2,690,27.6
2,691,27.64
2,692,27.68
2,693,27.72
2,694,27.76
2,695,27.8
2,696,27.84
2,697,27.88
2,698,27.92
2,699,27.96
2,700,28.0
2,701,28.04
2,702,28.08
2,703,28.12
2,704,28.16
2,705,28.2
2,706,28.24
2,707,28.28
2,708,28.32
2,709,28.36
2,710,28.4
2,711,28.44
2,712,28.48
2,713,28.52
2,714,28.56
2,715,28.6
2,716,28.64
2,717,28.68
2,718,28.72
2,719,28.76
2,720,28.8
2,721,28.84
2,722,28.88
2,723,28.92
2,724,28.96
2,725,29.0
2,726,29.04
2,727,29.08
2,728,29.12
2,729,29.16
2,730,29.2
2,731,29.24
2,732,29.28
2,733,29.32
2,734,29.36
2,735,29.4
2,736,29.44
2,737,29.48
2,738,29.52
2,739,29.56
2,740,29.6
2,741,29.64
2,742,29.68
2,743,29.72
2,744,29.76
2,745,29.8
2,746,29.84
2,747,29.88
2,748,29.92
2,749,29.96
2,750,30.0
2,751,30.04
2,752,30.08
2,753,30.12
2,754,30.16
2,755,30.2
2,756,30.24
2,757,30.28
2,758,30.32
2,759,30.36
2,760,30.4
2,761,30.44
2,762,30.48
2,763,30.52
2,764,30.56
2,765,30.6
2,766,30.64
2,767,30.68
2,768,30.72
2,769,30.76
2,770,30.8
2,771,30.84
2,772,30.88
2,773,30.92
2,774,30.96
2,775,31.0
2,776,31.04
2,777,31.08
2,778,31.12
2,779,31.16
2,780,31.2
2,781,31.24
2,782,31.28
2,783,31.32
2,784,31.36
2,785,31.4
2,786,31.44
2,787,31.48
2,788,31.52
2,789,31.56
2,790,31.6
2,791,31.64
2,792,31.68
2,793,31.72
2,794,31.76
2,795,31.8
2,796,31.84
2,797,31.88
2,798,31.92
2,799,31.96
2,800,32.0
2,801,32.04
2,802,32.08
2,803,32.12
2,804,32.16
2,805,32.2
2,806,32.24
2,807,32.28
2,808,32.32
2,809,32.36
2,810,32.4
2,811,32.44
2,812,32.48
2,813,32.52
2,814,32.56
2,815,32.6
2,816,32.64
2,817,32.68
2,818,32.72
2,819,32.76
2,820,32.8
2,821,32.84
2,822,32.88
2,823,32.92
2,824,32.96
2,825,33.0
2,826,33.04
2,827,33.08
2,828,33.12
2,829,33.16
2,830,33.2
2,831,33.24
2,832,33.28
2,833,33.32
2,834,33.36
2,835,33.4
2,836,33.44
2,837,33.48
2,838,33.52
2,839,33.56
2,840,33.6
2,841,33.64
2,842,33.68
2,843,33.72
2,844,33.76
2,845,33.8
2,846,33.84
2,847,33.88
2,848,33.92
2,849,33.96
2,850,34.0
2,851,34.04
2,852,34.08
2,853,34.12
2,854,34.16
2,855,34.2
2,856,34.24
2,857,34.28
2,858,34.32
2,859,34.36
2,860,34.4
2,861,34.44
2,862,34.48
2,863,34.52
2,864,34.56
2,865,34.6
2,866,34.64
2,867,34.68
2,868,34.72
2,869,34.76
2,870,34.8
2,871,34.84
2,872,34.88
2,873,34.92
2,874,34.96
2,875,35.0
2,876,35.04
2,877,35.08
2,878,35.12
2,879,35.16
2,880,35.2
2,881,35.24
2,882,35.28
2,883,35.32
2,884,35.36
2,885,35.4
2,886,35.44
2,887,35.48
2,888,35.52
2,889,35.56
2,890,35.6
2,891,35.64
2,892,35.68
2,893,35.72
2,894,35.76
2,895,35.8
2,896,35.84
2,897,35.88
2,898,35.92
2,899,35.96
2,900,36.0
2,901,36.04
2,902,36.08
2,903,36.12
2,904,36.16
2,905,36.2
2,906,36.24
2,907,36.28
2,908,36.32
2,909,36.36
2,910,36.4
2,911,36.44
2,912,36.48
2,913,36.52
2,914,36.56
2,915,36.6
2,916,36.64
2,917,36.68
2,918,36.72
2,919,36.76
2,920,36.8
2,921,36.84
2,922,36.88
2,923,36.92
2,924,36.96
2,925,37.0
2,926,37.04
2,927,37.08
2,928,37.12
2,929,37.16
2,930,37.2
2,931,37.24
2,932,37.28
2,933,37.32
2,934,37.36
2,935,37.4
2,936,37.44
2,937,37.48
2,938,37.52
2,939,37.56
2,940,37.6
2,941,37.64
2,942,37.68
2,943,37.72
2,944,37.76
2,945,37.8
2,946,37.84
2,947,37.88
2,948,37.92
2,949,37.96
2,950,38.0
2,951,38.04
2,952,38.08
2,953,38.12
2,954,38.16
2,955,38.2
2,956,38.24
2,957,38.28
2,958,38.32
2,959,38.36
2,960,38.4
2,961,38.44
2,962,38.48
2,963,38.52
2,964,38.56
2,965,38.6
2,966,38.64
2,967,38.68
2,968,38.72
2,969,38.76
2,970,38.8
2,971,38.84
2,972,38.88
2,973,38.92
2,974,38.96
2,975,39.0
2,976,39.04
2,977,39.08
2,978,39.12
2,979,39.16
2,980,39.2
2,981,39.24
2,982,39.28
2,983,39.32
2,984,39.36
2,985,39.4
2,986,39.44
2,987,39.48
2,988,39.52
2,989,39.56
2,990,39.6
2,991,39.64
2,992,39.68
2,993,39.72
2,994,39.76
2,995,39.8
2,996,39.84
2,997,39.88
2,998,39.92
2,999,39.96
2,1000,40.0
2,1001,40.04
2,1002,40.08
2,1003,40.12
2,1004,40.16
2,1005,40.2
2,1006,40.24
2,1007,40.28
2,1008,40.32
2,1009,40.36
2,1010,40.4
2,1011,40.44
2,1012,40.48
2,1013,40.52
2,1014,40.56
2,1015,40.6
2,1016,40.64
2,1017,40.68
2,1018,40.72
2,1019,40.76
2,1020,40.8
2,1021,40.84
2,1022,40.88
2,1023,40.92
2,1024,40.96
2,1025,41.0
2,1026,41.04
2,1027,41.08
2,1028,41.12
2,1029,41.16
2,1030,41.2
2,1031,41.24
2,1032,41.28
2,1033,41.32
2,1034,41.36
2,1035,41.4
2,1036,41.44
2,1037,41.48
2,1038,41.52
2,1039,41.56
2,1040,41.6
2,1041,41.64
2,1042,41.68
2,1043,41.72
2,1044,41.76
2,1045,41.8
2,1046,41.84
2,1047,41.88
2,1048,41.92
2,1049,41.96
2,1050,42.0
2,1051,42.04
2,1052,42.08
2,1053,42.12
2,1054,42.16
2,1055,42.2
2,1056,42.24
2,1057,42.28
2,1058,42.32
2,1059,42.36
2,1060,42.4
2,1061,42.44
2,1062,42.48
2,1063,42.52
2,1064,42.56
2,1065,42.6
2,1066,42.64
2,1067,42.68
2,1068,42.72
2,1069,42.76
2,1070,42.8
2,1071,42.84
2,1072,42.88
2,1073,42.92
2,1074,42.96
2,1075,43.0
2,1076,43.04
2,1077,43.08
2,1078,43.12
2,1079,43.16
2,1080,43.2
2,1081,43.24
2,1082,43.28
2,1083,43.32
2,1084,43.36
2,1085,43.4
2,1086,43.44
2,1087,43.48
2,1088,43.52
2,1089,43.56
2,1090,43.6
2,1091,43.64
2,1092,43.68
2,1093,43.72
2,1094,43.76
2,1095,43.8
2,1096,43.84
2,1097,43.88
2,1098,43.92
2,1099,43.96
2,1100,44.0
2,1101,44.04
2,1102,44.08
2,1103,44.12
2,1104,44.16
2,1105,44.2
2,1106,44.24
2,1107,44.28
2,1108,44.32
2,1109,44.36
2,1110,44.4
2,1111,44.44
2,1112,44.48
2,1113,44.52
2,1114,44.56
2,1115,44.6
2,1116,44.64
2,1117,44.68
2,1118,44.72
2,1119,44.76
2,1120,44.8
2,1121,44.84
2,1122,44.88
2,1123,44.92
2,1124,44.96
2,1125,45.0
2,1126,45.04
2,1127,45.08
2,1128,45.12
2,1129,45.16
2,1130,45.2
2,1131,45.24
2,1132,45.28
2,1133,45.32
2,1134,45.36
2,1135,45.4
2,1136,45.44
2,1137,45.48
2,1138,45.52
2,1139,45.56
2,1140,45.6
2,1141,45.64
2,1142,45.68
2,1143,45.72
2,1144,45.76
2,1145,45.8
2,1146,45.84
2,1147,45.88
2,1148,45.92
2,1149,45.96
2,1150,46.0
2,1151,46.04
2,1152,46.08
2,1153,46.12
2,1154,46.16
2,1155,46.2
2,1156,46.24
2,1157,46.28
2,1158,46.32
2,1159,46.36
2,1160,46.4
2,1161,46.44
2,1162,46.48
2,1163,46.52
2,1164,46.56
2,1165,46.6
2,1166,46.64
2,1167,46.68
2,1168,46.72
2,1169,46.76
2,1170,46.8
2,1171,46.84
2,1172,46.88
2,1173,46.92
2,1174,46.96
2,1175,47.0
2,1176,47.04
2,1177,47.08
2,1178,47.12
2,1179,47.16
2,1180,47.2
2,1181,47.24
2,1182,47.28
2,1183,47.32
2,1184,47.36
2,1185,47.4
2,1186,47.44
2,1187,47.48
2,1188,47.52
2,1189,47.56
2,1190,47.6
2,1191,47.64
2,1192,47.68
2,1193,47.72
2,1194,47.76
2,1195,47.8
2,1196,47.84
2,1197,47.88
2,1198,47.92
2,1199,47.96
2,1200,48.0
2,1201,48.04
2,1202,48.08
2,1203,48.12
2,1204,48.16
2,1205,48.2
2,1206,48.24
2,1207,48.28
2,1208,48.32
2,1209,48.36
2,1210,48.4
2,1211,48.44
2,1212,48.48
2,1213,48.52
2,1214,48.56
2,1215,48.6
2,1216,48.64
2,1217,48.68
2,1218,48.72
2,1219,48.76
2,1220,48.8
2,1221,48.84
2,1222,48.88
2,1223,48.92
2,1224,48.96
2,1225,49.0
2,1226,49.04
2,1227,49.08
2,1228,49.12
2,1229,49.16
2,1230,49.2
2,1231,49.24
2,1232,49.28
2,1233,49.32
2,1234,49.36
2,1235,49.4
2,1236,49.44
2,1237,49.48
2,1238,49.52
2,1239,49.56
2,1240,49.6
2,1241,49.64
2,1242,49.68
2,1243,49.72
2,1244,49.76
2,1245,49.8
2,1246,49.84
2,1247,49.88
2,1248,49.92
2,1249,49.96
2,1250,50.0
2,1251,50.04
2,1252,50.08
2,1253,50.12
2,1254,50.16
2,1255,50.2
2,1256,50.24
2,1257,50.28
2,1258,50.32
2,1259,50.36
2,1260,50.4
2,1261,50.44
2,1262,50.48
2,1263,50.52
2,1264,50.56
2,1265,50.6
2,1266,50.64
2,1267,50.68
2,1268,50.72
2,1269,50.76
2,1270,50.8
2,1271,50.84
2,1272,50.88
2,1273,50.92
2,1274,50.96
2,1275,51.0
2,1276,51.04
2,1277,51.08
2,1278,51.12
2,1279,51.16
2,1280,51.2
2,1281,51.24
2,1282,51.28
2,1283,51.32
2,1284,51.36
2,1285,51.4
2,1286,51.44
2,1287,51.48
2,1288,51.52
2,1289,51.56
2,1290,51.6
2,1291,51.64
2,1292,51.68
2,1293,51.72
2,1294,51.76
2,1295,51.8
2,1296,51.84
2,1297,51.88
2,1298,51.92
2,1299,51.96
2,1300,52.0
2,1301,52.04
2,1302,52.08
2,1303,52.12
2,1304,52.16
2,1305,52.2
2,1306,52.24
2,1307,52.28
2,1308,52.32
2,1309,52.36
2,1310,52.4
2,1311,52.44
2,1312,52.48
2,1313,52.52
2,1314,52.56
2,1315,52.6
2,1316,52.64
2,1317,52.68
2,1318,52.72
2,1319,52.76
2,1320,52.8
2,1321,52.84
2,1322,52.88
2,1323,52.92
2,1324,52.96
2,1325,53.0
2,1326,53.04
2,1327,53.08
2,1328,53.12
2,1329,53.16
2,1330,53.2
2,1331,53.24
2,1332,53.28
2,1333,53.32
2,1334,53.36
2,1335,53.4
2,1336,53.44
2,1337,53.48
2,1338,53.52
2,1339,53.56
2,1340,53.6
2,1341,53.64
2,1342,53.68
2,1343,53.72
2,1344,53.76
2,1345,53.8
2,1346,53.84
2,1347,53.88
2,1348,53.92
2,1349,53.96
2,1350,54.0
2,1351,54.04
2,1352,54.08
2,1353,54.12
2,1354,54.16
2,1355,54.2
2,1356,54.24
2,1357,54.28
2,1358,54.32
2,1359,54.36
2,1360,54.4
2,1361,54.44
2,1362,54.48
2,1363,54.52
2,1364,54.56
2,1365,54.6
2,1366,54.64
2,1367,54.68
2,1368,54.72
2,1369,54.76
2,1370,54.8
2,1371,54.84
2,1372,54.88
2,1373,54.92
2,1374,54.96
2,1375,55.0
2,1376,55.04
2,1377,55.08
2,1378,55.12
2,1379,55.16
2,1380,55.2
2,1381,55.24
2,1382,55.28
2,1383,55.32
2,1384,55.36
2,1385,55.4
2,1386,55.44
2,1387,55.48
2,1388,55.52
2,1389,55.56
2,1390,55.6
2,1391,55.64
2,1392,55.68
2,1393,55.72
2,1394,55.76
2,1395,55.8
2,1396,55.84
2,1397,55.88
2,1398,55.92
2,1399,55.96
2,1400,56.0
2,1401,56.04
2,1402,56.08
2,1403,56.12
2,1404,56.16
2,1405,56.2
2,1406,56.24
2,1407,56.28
2,1408,56.32
2,1409,56.36
2,1410,56.4
2,1411,56.44
2,1412,56.48
2,1413,56.52
2,1414,56.56
2,1415,56.6
2,1416,56.64
2,1417,56.68
2,1418,56.72
2,1419,56.76
2,1420,56.8
2,1421,56.84
2,1422,56.88
2,1423,56.92
2,1424,56.96
2,1425,57.0
2,1426,57.04
2,1427,57.08
2,1428,57.12
2,1429,57.16
2,1430,57.2
2,1431,57.24
2,1432,57.28
2,1433,57.32
2,1434,57.36
2,1435,57.4
2,1436,57.44
2,1437,57.48
2,1438,57.52
2,1439,57.56
2,1440,57.6
2,1441,57.64
2,1442,57.68
2,1443,57.72
2,1444,57.76
2,1445,57.8
2,1446,57.84
2,1447,57.88
2,1448,57.92
2,1449,57.96
2,1450,58.0
2,1451,58.04
2,1452,58.08
2,1453,58.12
2,1454,58.16
2,1455,58.2
2,1456,58.24
2,1457,58.28
2,1458,58.32
2,1459,58.36
2,1460,58.4
2,1461,58.44
2,1462,58.48
2,1463,58.52
2,1464,58.56
2,1465,58.6
2,1466,58.64
2,1467,58.68
2,1468,58.72
2,1469,58.76
2,1470,58.8
2,1471,58.84
2,1472,58.88
2,1473,58.92
2,1474,58.96
2,1475,59.0
2,1476,59.04
2,1477,59.08
2,1478,59.12
2,1479,59.16
2,1480,59.2
2,1481,59.24
2,1482,59.28
2,1483,59.32
2,1484,59.36
2,1485,59.4
2,1486,59.44
2,1487,59.48
2,1488,59.52
2,1489,59.56
2,1490,59.6
2,1491,59.64
2,1492,59.68
2,1493,59.72
2,1494,59.76
2,1495,59.8
2,1496,59.84
2,1497,59.88
2,1498,59.92
2,1499,59.96
2,1500,60.0
2,1501,60.04
2,1502,60.08
2,1503,60.12
2,1504,60.16
2,1505,60.2
2,1506,60.24
2,1507,60.28
2,1508,60.32
2,1509,60.36
2,1510,60.4
2,1511,60.44
2,1512,60.48
2,1513,60.52
2,1514,60.56
2,1515,60.6
2,1516,60.64
2,1517,60.68
2,1518,60.72
2,1519,60.76
2,1520,60.8
2,1521,60.84
2,1522,60.88
2,1523,60.92
2,1524,60.96
2,1525,61.0
2,1526,61.04
2,1527,61.08
2,1528,61.12
2,1529,61.16
2,1530,61.2
2,1531,61.24
2,1532,61.28
2,1533,61.32
2,1534,61.36
2,1535,61.4
2,1536,61.44
2,1537,61.48
2,1538,61.52
2,1539,61.56
2,1540,61.6
2,1541,61.64
2,1542,61.68
2,1543,61.72
2,1544,61.76
2,1545,61.8
2,1546,61.84
2,1547,61.88
2,1548,61.92
2,1549,61.96
2,1550,62.0
2,1551,62.04
2,1552,62.08
2,1553,62.12
2,1554,62.16
2,1555,62.2
2,1556,62.24
2,1557,62.28
2,1558,62.32
2,1559,62.36
2,1560,62.4
2,1561,62.44
3,0,0.0
3,1,0.04
3,2,0.08
3,3,0.12
3,4,0.16
3,5,0.2
3,6,0.24
3,7,0.28
3,8,0.32
3,9,0.36
3,10,0.4
3,11,0.44
3,12,0.48
3,13,0.52
3,14,0.56
3,15,0.6
3,16,0.64
3,17,0.68
3,18,0.72
3,19,0.76
3,20,0.8
3,21,0.84
3,22,0.88
3,23,0.92
3,24,0.96
3,25,1.0
3,26,1.04
3,27,1.08
3,28,1.12
3,29,1.16
3,30,1.2
3,31,1.24
3,32,1.28
3,33,1.32
3,34,1.36
3,35,1.4
3,36,1.44
3,37,1.48
3,38,1.52
3,39,1.56
3,40,1.6
3,41,1.64
3,42,1.68
3,43,1.72
3,44,1.76
3,45,1.8
3,46,1.84
3,47,1.88
3,48,1.92
3,49,1.96
3,50,2.0
3,51,2.04
3,52,2.08
3,53,2.12
3,54,2.16
3,55,2.2
3,56,2.24
3,57,2.28
3,58,2.32
3,59,2.36
3,60,2.4
3,61,2.44
3,62,2.48
3,63,2.52
3,64,2.56
3,65,2.6
3,66,2.64
3,67,2.68
3,68,2.72
3,69,2.76
3,70,2.8
3,71,2.84
3,72,2.88
3,73,2.92
3,74,2.96
3,75,3.0
3,76,3.04
3,77,3.08
3,78,3.12
3,79,3.16
3,80,3.2
3,81,3.24
3,82,3.28
3,83,3.32
3,84,3.36
3,85,3.4
3,86,3.44
3,87,3.48
3,88,3.52
3,89,3.56
3,90,3.6
3,91,3.64
3,92,3.68
3,93,3.72
3,94,3.76
3,95,3.8
3,96,3.84
3,97,3.88
3,98,3.92
3,99,3.96
3,100,4.0
3,101,4.04
3,102,4.08
3,103,4.12
3,104,4.16
3,105,4.2
3,106,4.24
3,107,4.28
3,108,4.32
3,109,4.36
3,110,4.4
3,111,4.44
3,112,4.48
3,113,4.52
3,114,4.56
3,115,4.6
3,116,4.64
3,117,4.68
3,118,4.72
3,119,4.76
3,120,4.8
3,121,4.84
3,122,4.88
3,123,4.92
3,124,4.96
3,125,5.0
3,126,5.04
3,127,5.08
3,128,5.12
3,129,5.16
3,130,5.2
3,131,5.24
3,132,5.28
3,133,5.32
3,134,5.36
3,135,5.4
3,136,5.44
3,137,5.48
3,138,5.52
3,139,5.56
3,140,5.6
3,141,5.64
3,142,5.68
3,143,5.72
3,144,5.76
3,145,5.8
3,146,5.84
3,147,5.88
3,148,5.92
3,149,5.96
3,150,6.0
3,151,6.04
3,152,6.08
3,153,6.12
3,154,6.16
3,155,6.2
3,156,6.24
3,157,6.28
3,158,6.32
3,159,6.36
3,160,6.4
3,161,6.44
3,162,6.48
3,163,6.52
3,164,6.56
3,165,6.6
3,166,6.64
3,167,6.68
3,168,6.72
3,169,6.76
3,170,6.8
3,171,6.84
3,172,6.88
3,173,6.92
3,174,6.96
3,175,7.0
3,176,7.04
3,177,7.08
3,178,7.12
3,179,7.16
3,180,7.2
3,181,7.24
3,182,7.28
3,183,7.32
3,184,7.36
3,185,7.4
3,186,7.44
3,187,7.48
3,188,7.52
3,189,7.56
3,190,7.6
3,191,7.64
3,192,7.68
3,193,7.72
3,194,7.76
3,195,7.8
3,196,7.84
3,197,7.88
3,198,7.92
3,199,7.96
3,200,8.0
3,201,8.04
3,202,8.08
3,203,8.12
3,204,8.16
3,205,8.2
3,206,8.24
3,207,8.28
3,208,8.32
3,209,8.36
3,210,8.4
3,211,8.44
3,212,8.48
3,213,8.52
3,214,8.56
3,215,8.6
3,216,8.64
3,217,8.68
3,218,8.72
3,219,8.76
3,220,8.8
3,221,8.84
3,222,8.88
3,223,8.92
3,224,8.96
3,225,9.0
3,226,9.04
3,227,9.08
3,228,9.12
3,229,9.16
3,230,9.2
3,231,9.24
3,232,9.28
3,233,9.32
3,234,9.36
3,235,9.4
3,236,9.44
3,237,9.48
3,238,9.52
3,239,9.56
3,240,9.6
3,241,9.64
3,242,9.68
3,243,9.72
3,244,9.76
3,245,9.8
3,246,9.84
3,247,9.88
3,248,9.92
3,249,9.96
3,250,10.0
3,251,10.04
3,252,10.08
3,253,10.12
3,254,10.16
3,255,10.2
3,256,10.24
3,257,10.28
3,258,10.32
3,259,10.36
3,260,10.4
3,261,10.44
3,262,10.48
3,263,10.52
3,264,10.56
3,265,10.6
3,266,10.64
3,267,10.68
3,268,10.72
3,269,10.76
3,270,10.8
3,271,10.84
3,272,10.88
3,273,10.92
3,274,10.96
3,275,11.0
3,276,11.04
3,277,11.08
3,278,11.12
3,279,11.16
3,280,11.2
3,281,11.24
3,282,11.28
3,283,11.32
3,284,11.36
3,285,11.4
3,286,11.44
3,287,11.48
3,288,11.52
3,289,11.56
3,290,11.6
3,291,11.64
3,292,11.68
3,293,11.72
3,294,11.76
3,295,11.8
3,296,11.84
3,297,11.88
3,298,11.92
3,299,11.96
3,300,12.0
3,301,12.04
3,302,12.08
3,303,12.12
3,304,12.16
3,305,12.2
3,306,12.24
3,307,12.28
3,308,12.32
3,309,12.36
3,310,12.4
3,311,12.44
3,312,12.48
3,313,12.52
3,314,12.56
3,315,12.6
3,316,12.64
3,317,12.68
3,318,12.72
3,319,12.76
3,320,12.8
3,321,12.84
3,322,12.88
3,323,12.92
3,324,12.96
3,325,13.0
3,326,13.04
3,327,13.08
3,328,13.12
3,329,13.16
3,330,13.2
3,331,13.24
3,332,13.28
3,333,13.32
3,334,13.36
3,335,13.4
3,336,13.44
3,337,13.48
3,338,13.52
3,339,13.56
3,340,13.6
3,341,13.64
3,342,13.68
3,343,13.72
3,344,13.76
3,345,13.8
3,346,13.84
3,347,13.88
3,348,13.92
3,349,13.96
3,350,14.0
3,351,14.04
3,352,14.08
3,353,14.12
3,354,14.16
3,355,14.2
3,356,14.24
3,357,14.28
3,358,14.32
3,359,14.36
3,360,14.4
3,361,14.44
3,362,14.48
3,363,14.52
3,364,14.56
3,365,14.6
3,366,14.64
3,367,14.68
3,368,14.72
3,369,14.76
3,370,14.8
3,371,14.84
3,372,14.88
3,373,14.92
3,374,14.96
3,375,15.0
3,376,15.04
3,377,15.08
3,378,15.12
3,379,15.16
3,380,15.2
3,381,15.24
3,382,15.28
3,383,15.32
3,384,15.36
3,385,15.4
3,386,15.44
3,387,15.48
3,388,15.52
3,389,15.56
3,390,15.6
3,391,15.64
3,392,15.68
3,393,15.72
3,394,15.76
3,395,15.8
3,396,15.84
3,397,15.88
3,398,15.92
3,399,15.96
3,400,16.0
3,401,16.04
3,402,16.08
3,403,16.12
3,404,16.16
3,405,16.2
3,406,16.24
3,407,16.28
3,408,16.32
3,409,16.36
3,410,16.4
3,411,16.44
3,412,16.48
3,413,16.52
3,414,16.56
3,415,16.6
3,416,16.64
3,417,16.68
3,418,16.72
3,419,16.76
3,420,16.8
3,421,16.84
3,422,16.88
3,423,16.92
3,424,16.96
3,425,17.0
3,426,17.04
3,427,17.08
3,428,17.12
3,429,17.16
3,430,17.2
3,431,17.24
3,432,17.28
3,433,17.32
3,434,17.36
3,435,17.4
3,436,17.44
3,437,17.48
3,438,17.52
3,439,17.56
3,440,17.6
3,441,17.64
3,442,17.68
3,443,17.72
3,444,17.76
3,445,17.8
3,446,17.84
3,447,17.88
3,448,17.92
3,449,17.96
3,450,18.0
3,451,18.04
3,452,18.08
3,453,18.12
3,454,18.16
3,455,18.2
3,456,18.24
3,457,18.28
3,458,18.32
3,459,18.36
3,460,18.4
3,461,18.44
3,462,18.48
3,463,18.52
3,464,18.56
3,465,18.6
3,466,18.64
3,467,18.68
3,468,18.72
3,469,18.76
3,470,18.8
3,471,18.84
3,472,18.88
3,473,18.92
3,474,18.96
3,475,19.0
3,476,19.04
3,477,19.08
3,478,19.12
3,479,19.16
3,480,19.2
3,481,19.24
3,482,19.28
3,483,19.32
3,484,19.36
3,485,19.4
3,486,19.44
3,487,19.48
3,488,19.52
3,489,19.56
3,490,19.6
3,491,19.64
3,492,19.68
3,493,19.72
3,494,19.76
3,495,19.8
3,496,19.84
3,497,19.88
3,498,19.92
3,499,19.96
3,500,20.0
3,501,20.04
3,502,20.08
3,503,20.12
3,504,20.16
3,505,20.2
3,506,20.24
3,507,20.28
3,508,20.32
3,509,20.36
3,510,20.4
3,511,20.44
3,512,20.48
3,513,20.52
3,514,20.56
3,515,20.6
3,516,20.64
3,517,20.68
3,518,20.72
3,519,20.76
3,520,20.8
3,521,20.84
3,522,20.88
3,523,20.92
3,524,20.96
3,525,21.0
3,526,21.04
3,527,21.08
3,528,21.12
3,529,21.16
3,530,21.2
3,531,21.24
3,532,21.28
3,533,21.32
3,534,21.36
3,535,21.4
3,536,21.44
3,537,21.48
3,538,21.52
3,539,21.56
3,540,21.6
3,541,21.64
3,542,21.68
3,543,21.72
3,544,21.76
3,545,21.8
3,546,21.84
3,547,21.88
3,548,21.92
3,549,21.96
3,550,22.0
3,551,22.04
3,552,22.08
3,553,22.12
3,554,22.16
3,555,22.2
3,556,22.24
3,557,22.28
3,558,22.32
3,559,22.36
3,560,22.4
3,561,22.44
3,562,22.48
3,563,22.52
3,564,22.56
3,565,22.6
3,566,22.64
3,567,22.68
3,568,22.72
3,569,22.76
3,570,22.8
3,571,22.84
3,572,22.88
3,573,22.92
3,574,22.96
3,575,23.0
3,576,23.04
3,577,23.08
3,578,23.12
3,579,23.16
3,580,23.2
3,581,23.24
3,582,23.28
3,583,23.32
3,584,23.36
3,585,23.4
3,586,23.44
3,587,23.48
3,588,23.52
3,589,23.56
3,590,23.6
3,591,23.64
3,592,23.68
3,593,23.72
3,594,23.76
3,595,23.8
3,596,23.84
3,597,23.88
3,598,23.92
3,599,23.96
3,600,24.0
3,601,24.04
3,602,24.08
3,603,24.12
3,604,24.16
3,605,24.2
3,606,24.24
3,607,24.28
3,608,24.32
3,609,24.36
3,610,24.4
3,611,24.44
3,612,24.48
3,613,24.52
3,614,24.56
3,615,24.6
3,616,24.64
3,617,24.68
3,618,24.72
3,619,24.76
3,620,24.8
3,621,24.84
3,622,24.88
3,623,24.92
3,624,24.96
3,625,25.0
3,626,25.04
3,627,25.08
3,628,25.12
3,629,25.16
3,630,25.2
3,631,25.24
3,632,25.28
3,633,25.32
3,634,25.36
3,635,25.4
3,636,25.44
3,637,25.48
3,638,25.52
3,639,25.56
3,640,25.6
3,641,25.64
3,642,25.68
3,643,25.72
3,644,25.76
3,645,25.8
3,646,25.84
3,647,25.88
3,648,25.92
3,649,25.96
3,650,26.0
3,651,26.04
3,652,26.08
3,653,26.12
3,654,26.16
3,655,26.2
3,656,26.24
3,657,26.28
3,658,26.32
3,659,26.36
3,660,26.4
3,661,26.44
3,662,26.48
3,663,26.52
3,664,26.56
3,665,26.6
3,666,26.64
3,667,26.68
3,668,26.72
3,669,26.76
3,670,26.8
3,671,26.84
3,672,26.88
3,673,26.92
3,674,26.96
3,675,27.0
3,676,27.04
3,677,27.08
3,678,27.12
3,679,27.16
3,680,27.2
3,681,27.24
3,682,27.28
3,683,27.32
3,684,27.36
3,685,27.4
3,686,27.44
3,687,27.48
4,0,0.0
4,1,0.04
4,2,0.08
4,3,0.12
4,4,0.16
4,5,0.2
4,6,0.24
4,7,0.28
4,8,0.32
4,9,0.36
4,10,0.4
4,11,0.44
4,12,0.48
4,13,0.52
4,14,0.56
4,15,0.6
4,16,0.64
4,17,0.68
4,18,0.72
4,19,0.76
4,20,0.8
4,21,0.84
4,22,0.88
4,23,0.92
4,24,0.96
4,25,1.0
4,26,1.04
4,27,1.08
4,28,1.12
4,29,1.16
4,30,1.2
4,31,1.24
4,32,1.28
4,33,1.32
4,34,1.36
4,35,1.4
4,36,1.44
4,37,1.48
4,38,1.52
4,39,1.56
4,40,1.6
4,41,1.64
4,42,1.68
4,43,1.72
4,44,1.76
4,45,1.8
4,46,1.84
4,47,1.88
4,48,1.92
4,49,1.96
4,50,2.0
4,51,2.04
4,52,2.08
4,53,2.12
4,54,2.16
4,55,2.2
4,56,2.24
4,57,2.28
4,58,2.32
4,59,2.36
4,60,2.4
4,61,2.44
4,62,2.48
4,63,2.52
4,64,2.56
4,65,2.6
4,66,2.64
4,67,2.68
4,68,2.72
4,69,2.76
4,70,2.8
4,71,2.84
4,72,2.88
4,73,2.92
4,74,2.96
4,75,3.0
4,76,3.04
4,77,3.08
4,78,3.12
4,79,3.16
4,80,3.2
4,81,3.24
4,82,3.28
4,83,3.32
4,84,3.36
4,85,3.4
4,86,3.44
4,87,3.48
4,88,3.52
4,89,3.56
4,90,3.6
4,91,3.64
4,92,3.68
4,93,3.72
4,94,3.76
4,95,3.8
4,96,3.84
4,97,3.88
4,98,3.92
4,99,3.96
4,100,4.0
4,101,4.04
4,102,4.08
4,103,4.12
4,104,4.16
4,105,4.2
4,106,4.24
4,107,4.28
4,108,4.32
4,109,4.36
4,110,4.4
4,111,4.44
4,112,4.48
4,113,4.52
4,114,4.56
4,115,4.6
4,116,4.64
4,117,4.68
4,118,4.72
4,119,4.76
4,120,4.8
4,121,4.84
4,122,4.88
4,123,4.92
4,124,4.96
4,125,5.0
4,126,5.04
4,127,5.08
4,128,5.12
4,129,5.16
4,130,5.2
4,131,5.24
4,132,5.28
4,133,5.32
4,134,5.36
4,135,5.4
4,136,5.44
4,137,5.48
4,138,5.52
4,139,5.56
4,140,5.6
4,141,5.64
4,142,5.68
4,143,5.72
4,144,5.76
4,145,5.8
4,146,5.84
4,147,5.88
4,148,5.92
4,149,5.96
4,150,6.0
4,151,6.04
4,152,6.08
4,153,6.12
4,154,6.16
4,155,6.2
4,156,6.24
4,157,6.28
4,158,6.32
4,159,6.36
4,160,6.4
4,161,6.44
4,162,6.48
4,163,6.52
4,164,6.56
4,165,6.6
4,166,6.64
4,167,6.68
4,168,6.72
4,169,6.76
4,170,6.8
4,171,6.84
4,172,6.88
4,173,6.92
4,174,6.96
4,175,7.0
4,176,7.04
4,177,7.08
4,178,7.12
4,179,7.16
4,180,7.2
4,181,7.24
4,182,7.28
4,183,7.32
4,184,7.36
4,185,7.4
4,186,7.44
4,187,7.48
4,188,7.52
4,189,7.56
4,190,7.6
4,191,7.64
4,192,7.68
4,193,7.72
4,194,7.76
4,195,7.8
4,196,7.84
4,197,7.88
4,198,7.92
4,199,7.96
4,200,8.0
4,201,8.04
4,202,8.08
4,203,8.12
4,204,8.16
4,205,8.2
4,206,8.24
4,207,8.28
4,208,8.32
4,209,8.36
4,210,8.4
4,211,8.44
4,212,8.48
4,213,8.52
4,214,8.56
4,215,8.6
4,216,8.64
4,217,8.68
4,218,8.72
4,219,8.76
4,220,8.8
4,221,8.84
4,222,8.88
4,223,8.92
4,224,8.96
4,225,9.0
4,226,9.04
4,227,9.08
4,228,9.12
4,229,9.16
4,230,9.2
4,231,9.24
4,232,9.28
4,233,9.32
4,234,9.36
4,235,9.4
4,236,9.44
4,237,9.48
4,238,9.52
4,239,9.56
4,240,9.6
4,241,9.64
4,242,9.68
4,243,9.72
4,244,9.76
4,245,9.8
4,246,9.84
4,247,9.88
4,248,9.92
4,249,9.96
4,250,10.0
4,251,10.04
4,252,10.08
4,253,10.12
4,254,10.16
4,255,10.2
4,256,10.24
4,257,10.28
4,258,10.32
4,259,10.36
4,260,10.4
4,261,10.44
4,262,10.48
4,263,10.52
4,264,10.56
4,265,10.6
4,266,10.64
4,267,10.68
4,268,10.72
4,269,10.76
4,270,10.8
4,271,10.84
4,272,10.88
4,273,10.92
4,274,10.96
4,275,11.0
4,276,11.04
4,277,11.08
4,278,11.12
4,279,11.16
4,280,11.2
4,281,11.24
4,282,11.28
4,283,11.32
4,284,11.36
4,285,11.4
4,286,11.44
4,287,11.48
4,288,11.52
4,289,11.56
4,290,11.6
4,291,11.64
4,292,11.68
4,293,11.72
4,294,11.76
4,295,11.8
4,296,11.84
4,297,11.88
4,298,11.92
4,299,11.96
4,300,12.0
4,301,12.04
4,302,12.08
4,303,12.12
4,304,12.16
4,305,12.2
4,306,12.24
4,307,12.28
4,308,12.32
4,309,12.36
4,310,12.4
4,311,12.44
4,312,12.48
4,313,12.52
4,314,12.56
4,315,12.6
4,316,12.64
4,317,12.68
4,318,12.72
4,319,12.76
4,320,12.8
4,321,12.84
4,322,12.88
4,323,12.92
4,324,12.96
4,325,13.0
4,326,13.04
4,327,13.08
4,328,13.12
4,329,13.16
4,330,13.2
4,331,13.24
4,332,13.28
4,333,13.32
4,334,13.36
4,335,13.4
4,336,13.44
4,337,13.48
4,338,13.52
4,339,13.56
4,340,13.6
4,341,13.64
4,342,13.68
4,343,13.72
4,344,13.76
4,345,13.8
4,346,13.84
4,347,13.88
4,348,13.92
4,349,13.96
4,350,14.0
4,351,14.04
4,352,14.08
4,353,14.12
4,354,14.16
4,355,14.2
4,356,14.24
4,357,14.28
4,358,14.32
4,359,14.36
4,360,14.4
4,361,14.44
4,362,14.48
4,363,14.52
4,364,14.56
4,365,14.6
4,366,14.64
4,367,14.68
4,368,14.72
4,369,14.76
4,370,14.8
4,371,14.84
4,372,14.88
4,373,14.92
4,374,14.96
4,375,15.0
4,376,15.04
4,377,15.08
4,378,15.12
4,379,15.16
4,380,15.2
4,381,15.24
4,382,15.28
4,383,15.32
4,384,15.36
4,385,15.4
4,386,15.44
4,387,15.48
4,388,15.52
4,389,15.56
4,390,15.6
4,391,15.64
4,392,15.68
4,393,15.72
4,394,15.76
4,395,15.8
4,396,15.84
4,397,15.88
4,398,15.92
4,399,15.96
4,400,16.0
4,401,16.04
4,402,16.08
4,403,16.12
4,404,16.16
4,405,16.2
4,406,16.24
4,407,16.28
4,408,16.32
4,409,16.36
4,410,16.4
4,411,16.44
4,412,16.48
4,413,16.52
4,414,16.56
4,415,16.6
4,416,16.64
4,417,16.68
4,418,16.72
4,419,16.76
4,420,16.8
4,421,16.84
4,422,16.88
4,423,16.92
4,424,16.96
4,425,17.0
4,426,17.04
4,427,17.08
4,428,17.12
4,429,17.16
4,430,17.2
4,431,17.24
4,432,17.28
4,433,17.32
4,434,17.36
4,435,17.4
4,436,17.44
4,437,17.48
4,438,17.52
4,439,17.56
4,440,17.6
4,441,17.64
4,442,17.68
4,443,17.72
4,444,17.76
4,445,17.8
4,446,17.84
4,447,17.88
4,448,17.92
4,449,17.96
4,450,18.0
4,451,18.04
4,452,18.08
4,453,18.12
4,454,18.16
4,455,18.2
4,456,18.24
4,457,18.28
4,458,18.32
4,459,18.36
4,460,18.4
4,461,18.44
4,462,18.48
4,463,18.52
4,464,18.56
4,465,18.6
4,466,18.64
4,467,18.68
4,468,18.72
4,469,18.76
4,470,18.8
4,471,18.84
4,472,18.88
4,473,18.92
4,474,18.96
4,475,19.0
4,476,19.04
4,477,19.08
4,478,19.12
4,479,19.16
4,480,19.2
4,481,19.24
4,482,19.28
4,483,19.32
4,484,19.36
4,485,19.4
4,486,19.44
4,487,19.48
4,488,19.52
4,489,19.56
4,490,19.6
4,491,19.64
4,492,19.68
4,493,19.72
4,494,19.76
4,495,19.8
4,496,19.84
4,497,19.88
4,498,19.92
4,499,19.96
4,500,20.0
4,501,20.04
4,502,20.08
4,503,20.12
4,504,20.16
4,505,20.2
4,506,20.24
4,507,20.28
4,508,20.32
4,509,20.36
4,510,20.4
4,511,20.44
4,512,20.48
4,513,20.52
4,514,20.56
4,515,20.6
4,516,20.64
4,517,20.68
4,518,20.72
4,519,20.76
4,520,20.8
4,521,20.84
4,522,20.88
4,523,20.92
4,524,20.96
4,525,21.0
4,526,21.04
4,527,21.08
4,528,21.12
4,529,21.16
4,530,21.2
4,531,21.24
4,532,21.28
4,533,21.32
4,534,21.36
4,535,21.4
4,536,21.44
4,537,21.48
4,538,21.52
4,539,21.56
4,540,21.6
4,541,21.64
4,542,21.68
4,543,21.72
4,544,21.76
4,545,21.8
4,546,21.84
4,547,21.88
4,548,21.92
4,549,21.96
4,550,22.0
4,551,22.04
4,552,22.08
4,553,22.12
4,554,22.16
4,555,22.2
4,556,22.24
4,557,22.28
4,558,22.32
4,559,22.36
4,560,22.4
4,561,22.44
4,562,22.48
4,563,22.52
4,564,22.56
4,565,22.6
4,566,22.64
4,567,22.68
4,568,22.72
4,569,22.76
4,570,22.8
4,571,22.84
4,572,22.88
4,573,22.92
4,574,22.96
4,575,23.0
4,576,23.04
4,577,23.08
4,578,23.12
4,579,23.16
4,580,23.2
4,581,23.24
4,582,23.28
4,583,23.32
4,584,23.36
4,585,23.4
4,586,23.44
4,587,23.48
4,588,23.52
4,589,23.56
4,590,23.6
4,591,23.64
4,592,23.68
4,593,23.72
4,594,23.76
4,595,23.8
4,596,23.84
4,597,23.88
4,598,23.92
4,599,23.96
4,600,24.0
4,601,24.04
4,602,24.08
4,603,24.12
4,604,24.16
4,605,24.2
4,606,24.24
4,607,24.28
4,608,24.32
4,609,24.36
4,610,24.4
4,611,24.44
4,612,24.48
4,613,24.52
4,614,24.56
4,615,24.6
4,616,24.64
4,617,24.68
4,618,24.72
4,619,24.76
4,620,24.8
4,621,24.84
4,622,24.88
4,623,24.92
4,624,24.96
4,625,25.0
4,626,25.04
4,627,25.08
4,628,25.12
4,629,25.16
4,630,25.2
4,631,25.24
4,632,25.28
4,633,25.32
4,634,25.36
4,635,25.4
4,636,25.44
4,637,25.48
4,638,25.52
