0,face,0,205,145,322,279,0
0,face,1,695,150,810,276,0
0,face,2,490,297,587,417,0
0,face,3,375,165,452,256,0
0,face,4,882,231,952,315,0
1,face,0,208,146,323,279,0
1,face,1,690,151,804,276,0
1,face,2,490,297,587,417,0
1,face,3,374,164,450,255,0
1,face,4,882,232,952,316,0
2,face,0,208,146,323,279,0
2,face,1,690,151,804,276,0
2,face,2,490,297,587,417,0
2,face,3,374,164,450,255,0
2,face,4,882,232,952,316,0
3,face,0,207,145,323,279,0
3,face,1,686,150,799,276,0
3,face,2,490,296,587,416,0
3,face,3,372,163,448,253,0
3,face,4,882,233,953,318,0
4,face,0,208,145,323,279,0
4,face,1,681,149,793,273,0
4,face,2,489,296,587,416,0
4,face,3,372,163,448,253,0
4,face,4,881,235,953,321,0
5,face,0,209,145,324,278,0
5,face,1,678,150,788,273,0
5,face,2,489,296,587,416,0
5,face,3,371,162,447,253,0
5,face,4,881,234,954,322,0
6,face,0,210,145,325,279,0
6,face,1,672,150,785,275,0
6,face,2,489,296,586,416,0
6,face,3,371,162,447,253,0
6,face,4,881,234,954,323,0
7,face,0,211,145,326,278,0
7,face,1,667,151,782,277,0
7,face,2,489,296,586,416,0
7,face,3,371,163,447,253,0
7,face,4,886,233,953,320,0
8,face,0,211,145,327,277,0
8,face,1,666,155,779,277,0
8,face,2,489,296,586,417,0
8,face,3,371,162,447,253,0
8,face,4,896,234,952,317,0
9,face,0,213,144,328,278,0
9,face,1,664,154,777,277,0
9,face,2,488,296,586,417,0
9,face,3,371,161,447,252,0
9,face,4,891,234,952,322,0
10,face,0,215,144,330,278,0
10,face,1,662,155,776,277,0
10,face,2,488,296,586,417,0
10,face,3,371,161,447,252,0
10,face,4,882,234,953,324,0
11,face,0,216,144,332,278,0
11,face,1,661,154,773,279,0
11,face,2,488,296,586,417,0
11,face,3,372,162,448,253,0
11,face,4,883,235,953,323,0
12,face,0,219,145,333,279,0
12,face,1,661,154,772,279,0
12,face,2,488,296,586,417,0
12,face,3,372,162,448,253,0
12,face,4,892,235,953,322,0
13,face,0,220,146,335,279,0
13,face,1,660,153,772,279,0
13,face,2,489,296,587,418,0
13,face,3,372,162,448,253,0
13,face,4,893,235,953,321,0
14,face,0,220,146,336,280,0
14,face,1,661,153,773,280,0
14,face,2,489,296,587,417,0
14,face,3,371,161,448,253,0
14,face,4,885,235,954,321,0
15,face,0,221,146,337,280,0
15,face,1,661,151,774,280,0
15,face,2,491,295,588,417,0
15,face,3,370,160,448,252,0
15,face,4,884,235,954,321,0
16,face,0,221,146,338,280,0
16,face,1,662,152,775,282,0
16,face,2,491,295,588,418,0
16,face,3,367,160,443,254,0
16,face,4,884,235,955,321,0
17,face,0,221,146,339,280,0
17,face,1,661,153,774,281,0
17,face,2,491,296,589,418,0
17,face,3,365,160,440,252,0
17,face,4,889,235,956,318,0
18,face,0,221,145,340,280,0
18,face,1,662,152,775,281,0
18,face,2,492,295,589,418,0
18,face,3,361,160,436,252,0
18,face,4,885,235,957,318,0
19,face,0,222,145,339,281,0
19,face,1,663,153,775,278,0
19,face,2,492,295,589,418,0
19,face,3,355,159,432,251,0
19,face,4,886,235,957,317,0
20,face,0,223,145,339,282,0
20,face,1,664,155,776,278,0
20,face,2,492,294,590,418,0
20,face,3,333,157,409,250,0
20,face,4,887,234,957,317,0
21,face,0,224,144,337,282,0
21,face,1,666,154,776,278,0
21,face,2,494,292,590,416,0
21,face,3,332,159,401,254,0
21,face,4,888,233,956,315,0
22,face,0,224,145,336,282,0
22,face,1,666,152,777,278,0
22,face,2,495,293,591,416,0
22,face,3,322,157,390,256,0
22,face,4,888,234,957,314,0
23,face,0,224,146,336,283,0
23,face,1,667,151,777,279,0
23,face,2,493,293,590,416,0
23,face,3,310,155,376,257,0
23,face,4,887,233,957,313,0
24,face,0,223,147,341,283,0
24,face,1,668,151,777,278,0
24,face,2,494,294,590,416,0
24,face,4,887,233,957,312,0
25,face,0,222,145,342,283,0
25,face,1,667,149,777,276,0
25,face,2,494,294,590,416,0
25,face,4,887,233,957,312,0
26,face,0,221,145,340,284,0
26,face,1,668,149,777,275,0
26,face,2,494,294,591,416,0
26,face,4,887,232,956,312,0
27,face,0,222,145,341,283,0
27,face,1,666,148,777,275,0
27,face,2,496,293,591,416,0
27,face,4,886,231,955,311,0
28,face,0,222,144,341,284,0
28,face,1,667,148,777,274,0
28,face,2,497,293,592,416,0
28,face,4,886,231,955,311,0
29,face,0,220,143,342,283,0
29,face,1,667,148,777,273,0
29,face,2,497,293,592,416,0
29,face,4,885,230,955,311,0
30,face,0,220,144,342,283,0
30,face,1,666,147,777,271,0
30,face,2,496,294,591,416,0
30,face,4,885,230,955,310,0
30,face,3,178,177,233,277,0
31,face,0,223,144,344,283,0
31,face,1,666,147,778,270,0
31,face,2,496,294,592,416,0
31,face,4,884,229,954,309,0
31,face,3,151,173,226,270,0
32,face,0,224,144,345,284,0
32,face,1,668,147,779,271,0
32,face,2,497,296,591,416,0
32,face,4,884,229,954,309,0
32,face,3,141,166,222,273,0
33,face,0,225,144,345,284,0
33,face,1,670,148,780,272,0
33,face,2,496,296,590,415,0
33,face,4,884,228,953,308,0
33,face,3,128,167,214,275,0
34,face,0,226,145,347,284,0
34,face,1,671,146,782,271,0
34,face,2,498,297,591,415,0
34,face,4,884,228,953,307,0
34,face,3,118,166,205,273,0
35,face,0,227,145,349,284,0
35,face,1,672,145,782,271,0
35,face,2,497,296,591,416,0
35,face,4,883,228,953,307,0
35,face,3,106,166,192,273,0
36,face,0,229,145,350,284,0
36,face,1,673,145,783,271,0
36,face,2,498,294,592,415,0
36,face,4,883,228,953,307,0
36,face,3,88,164,175,271,0
37,face,0,230,145,352,284,0
37,face,1,674,146,784,270,0
37,face,2,498,294,592,415,0
37,face,4,883,228,953,307,0
37,face,3,84,165,170,270,0
38,face,0,231,146,352,284,0
38,face,1,674,146,785,271,0
38,face,2,500,294,593,415,0
38,face,4,883,228,954,307,0
38,face,3,77,163,164,270,0
39,face,0,232,146,352,284,0
39,face,1,674,146,785,273,0
39,face,2,501,293,594,414,0
39,face,4,884,229,954,306,0
39,face,3,71,161,158,268,0
40,face,0,233,146,353,284,0
40,face,1,673,146,785,277,0
40,face,2,502,292,596,414,0
40,face,4,885,229,954,307,0
40,face,3,61,158,152,266,0
41,face,0,235,146,355,284,0
41,face,1,674,149,784,277,0
41,face,2,502,291,597,412,0
41,face,4,886,230,955,306,0
41,face,3,56,156,141,258,0
42,face,0,235,146,356,283,0
42,face,1,675,151,784,276,0
42,face,2,504,290,598,411,0
42,face,4,886,230,955,306,0
42,face,3,53,152,137,256,0
43,face,0,236,146,356,283,0
43,face,1,674,153,784,278,0
43,face,2,504,289,599,410,0
43,face,4,885,230,955,307,0
43,face,3,45,153,132,255,0
44,face,0,237,147,357,283,0
44,face,1,672,153,784,280,0
44,face,2,505,288,599,409,0
44,face,4,885,229,954,307,0
44,face,3,37,145,127,254,0
45,face,0,237,147,357,283,0
45,face,1,672,155,783,281,0
45,face,2,505,288,599,408,0
45,face,4,884,229,954,307,0
45,face,3,35,174,119,253,0
46,face,0,240,147,358,283,0
46,face,1,670,157,782,283,0
46,face,2,506,287,600,406,0
46,face,4,883,228,952,307,0
46,face,3,7,152,102,252,0
47,face,0,241,147,359,283,0
47,face,1,670,156,782,284,0
47,face,2,506,286,601,406,0
47,face,4,881,227,951,307,0
47,face,3,1,141,95,251,0
48,face,0,241,148,359,283,0
48,face,1,669,156,782,285,0
48,face,2,506,285,601,405,0
48,face,4,881,227,950,305,0
48,face,3,-5,136,87,251,0
49,face,0,241,148,359,283,0
49,face,1,672,159,783,284,0
49,face,2,506,285,601,405,0
49,face,4,880,226,949,304,0
49,face,3,0,136,63,244,0
50,face,0,241,148,358,283,0
50,face,1,671,159,783,283,0
50,face,2,506,284,601,405,0
50,face,4,879,225,948,303,0
50,face,3,-2,130,64,243,0
51,face,0,241,147,358,283,0
51,face,1,670,156,784,283,0
51,face,2,505,284,600,405,0
51,face,4,878,225,946,302,0
51,face,3,-10,124,59,243,0
52,face,0,241,148,358,282,0
52,face,1,671,154,785,285,0
52,face,2,506,284,600,406,0
52,face,4,877,225,946,302,0
52,face,3,-10,121,59,240,0
53,face,0,240,148,359,282,0
53,face,1,671,154,785,285,0
53,face,2,505,284,600,406,0
53,face,4,877,226,946,303,0
53,face,3,-13,119,56,238,0
54,face,0,240,148,359,282,0
54,face,1,673,156,786,286,0
54,face,2,505,285,600,407,0
54,face,4,877,226,947,303,0
54,face,3,-17,118,52,237,0
55,face,0,240,149,358,283,0
55,face,1,674,157,787,285,0
55,face,2,505,285,600,408,0
55,face,4,877,226,946,304,0
55,face,3,-23,116,46,235,0
56,face,0,241,149,358,285,0
56,face,1,677,156,788,284,0
56,face,2,504,286,600,410,0
56,face,4,877,226,947,304,0
56,face,3,-33,107,36,226,0
57,face,0,241,149,358,285,0
57,face,1,677,157,789,283,0
57,face,2,503,287,599,410,0
57,face,4,877,226,947,305,0
57,face,3,-37,107,32,226,0
58,face,0,241,150,359,285,0
58,face,1,679,156,791,282,0
58,face,2,503,287,598,411,0
58,face,4,877,227,947,306,0
58,face,3,-39,105,30,224,0
59,face,0,242,150,359,285,0
59,face,1,679,155,791,282,0
59,face,2,502,287,598,412,0
59,face,4,877,227,948,307,0
59,face,3,-42,103,27,222,0
60,face,0,242,151,360,285,0
60,face,1,679,156,792,281,0
60,face,2,501,287,598,413,0
60,face,4,878,227,948,308,0
60,face,3,-44,100,25,219,0
61,face,0,244,152,362,286,0
61,face,1,683,154,795,282,0
61,face,2,500,289,596,414,0
61,face,4,878,227,949,308,0
62,face,0,244,152,363,286,0
62,face,1,685,152,797,282,0
62,face,2,499,289,595,414,0
62,face,4,879,227,949,309,0
63,face,0,245,152,363,286,0
63,face,1,687,155,799,280,0
63,face,2,498,290,594,414,0
63,face,4,879,227,949,309,0
64,face,0,245,152,363,286,0
64,face,1,690,153,801,278,0
64,face,2,497,291,593,414,0
64,face,4,879,227,949,309,0
65,face,0,245,151,362,285,0
65,face,1,693,152,803,277,0
65,face,2,496,292,592,415,0
65,face,4,880,227,950,309,0
66,face,0,245,151,363,286,0
66,face,1,695,148,806,277,0
66,face,2,495,293,590,415,0
66,face,4,880,227,950,309,0
67,face,0,244,151,363,286,0
67,face,1,696,147,807,277,0
67,face,2,494,294,589,416,0
67,face,4,881,228,950,309,0
68,face,0,244,151,363,287,0
68,face,1,698,146,809,276,0
68,face,2,493,296,588,417,0
68,face,4,882,228,950,309,0
69,face,0,244,151,363,287,0
69,face,1,699,145,812,275,0
69,face,2,493,297,588,418,0
69,face,4,882,229,951,308,0
70,face,0,244,151,363,288,0
70,face,1,702,145,814,274,0
70,face,2,492,298,587,419,0
70,face,4,883,229,951,309,0
71,face,0,244,150,363,288,0
71,face,1,707,150,817,277,0
71,face,2,491,300,585,421,0
71,face,4,884,230,953,311,0
72,face,0,244,150,363,287,0
72,face,1,710,153,821,279,0
72,face,2,490,300,585,422,0
72,face,4,885,231,954,312,0
73,face,1,650,157,760,282,0
73,face,2,490,300,586,422,0
73,face,4,878,229,962,307,0
73,face,0,177,132,310,294,0
73,face,3,355,207,430,302,0
73,face,6,1175,0,1280,218,0
74,face,1,653,158,762,281,0
74,face,2,491,300,587,423,0
74,face,4,878,229,959,307,0
74,face,0,177,132,309,294,0
74,face,3,354,207,428,302,0
74,face,6,1148,0,1283,228,0
75,face,1,655,168,763,289,0
75,face,2,492,301,588,423,0
75,face,4,879,229,957,307,0
75,face,0,176,131,309,294,0
75,face,3,352,206,427,302,0
75,face,6,1126,-6,1286,213,0
76,face,1,664,161,770,280,0
76,face,2,493,300,589,423,0
76,face,4,879,229,954,307,0
76,face,0,177,130,308,293,0
76,face,3,352,205,427,300,0
76,face,6,1081,-12,1284,217,0
77,face,1,670,167,775,284,0
77,face,2,494,301,590,423,0
77,face,4,880,229,951,307,0
77,face,0,176,130,307,293,0
77,face,3,352,203,427,298,0
77,face,6,1063,-8,1283,225,0
78,face,1,672,168,776,283,0
78,face,2,494,301,590,423,0
78,face,4,881,229,949,307,0
78,face,0,177,131,306,292,0
78,face,3,353,201,428,296,0
78,face,6,1047,-4,1276,236,0
79,face,1,680,165,783,279,0
79,face,2,494,301,590,423,0
79,face,4,878,230,948,310,0
79,face,0,176,131,306,292,0
79,face,3,355,199,429,295,0
79,face,6,1034,-5,1263,243,0
80,face,1,688,173,790,284,0
80,face,2,494,301,591,422,0
80,face,4,878,229,948,307,0
80,face,0,175,130,305,293,0
80,face,3,356,197,433,294,0
80,face,6,1017,-3,1252,246,0
81,face,1,692,174,793,284,0
81,face,2,495,301,591,423,0
81,face,4,879,229,948,305,0
81,face,0,174,130,303,293,0
81,face,3,358,196,436,293,0
81,face,6,992,-3,1220,251,0
81,face,5,604,353,650,414,0
82,face,1,697,175,796,283,0
82,face,2,495,301,591,423,0
82,face,4,879,228,948,304,0
82,face,0,174,130,303,293,0
82,face,3,359,196,437,293,0
82,face,6,981,-4,1204,252,0
82,face,5,606,353,652,414,0
83,face,1,713,175,810,282,0
83,face,2,494,300,591,423,0
83,face,4,879,228,948,303,0
83,face,0,174,130,303,293,0
83,face,3,360,197,438,293,0
83,face,6,967,-1,1189,256,0
83,face,5,603,354,649,415,0
84,face,1,713,169,813,278,0
84,face,2,494,300,591,422,0
84,face,4,879,228,948,303,0
84,face,0,174,129,303,294,0
84,face,3,363,196,439,294,0
84,face,6,952,-2,1172,261,0
84,face,5,606,356,652,417,0
85,face,1,728,171,829,279,0
85,face,2,494,299,590,421,0
85,face,4,879,228,947,302,0
85,face,0,173,130,303,294,0
85,face,3,364,196,439,294,0
85,face,6,942,0,1155,260,0
85,face,5,605,357,651,418,0
86,face,1,725,168,831,285,0
86,face,2,494,299,590,421,0
86,face,4,879,228,947,298,0
86,face,0,173,130,302,295,0
86,face,3,364,197,440,295,0
86,face,6,912,9,1112,263,0
86,face,5,604,356,650,417,0
87,face,1,727,168,835,286,0
87,face,2,492,298,589,420,0
87,face,4,880,229,941,296,0
87,face,0,173,130,302,295,0
87,face,3,364,197,440,295,0
87,face,6,892,13,1089,262,0
87,face,5,603,356,641,417,0
88,face,1,734,169,841,284,0
88,face,2,491,297,588,419,0
88,face,4,881,231,944,293,0
88,face,0,174,130,302,295,0
88,face,3,364,197,440,296,0
88,face,6,875,18,1066,263,0
89,face,1,735,166,845,283,0
89,face,2,490,297,586,418,0
89,face,0,174,130,303,294,0
89,face,3,364,197,440,296,0
89,face,6,859,22,1048,267,0
89,face,4,871,232,934,289,0
90,face,1,739,165,850,282,0
90,face,2,488,296,585,418,0
90,face,0,174,129,304,293,0
90,face,3,364,197,441,296,0
90,face,6,847,28,1029,267,0
90,face,4,872,234,935,291,0
91,face,1,747,155,852,279,0
91,face,2,486,294,581,415,0
91,face,0,177,129,306,293,0
91,face,3,364,197,441,297,0
91,face,6,828,44,1000,266,0
92,face,1,746,152,853,277,0
92,face,2,485,295,581,415,0
92,face,0,178,129,307,292,0
92,face,3,363,198,441,297,0
92,face,6,816,46,988,268,0
93,face,2,483,294,577,415,0
93,face,0,179,129,308,292,0
93,face,3,363,198,441,298,0
93,face,6,807,48,977,269,0
93,face,1,748,166,847,283,0
94,face,2,482,293,570,415,0
94,face,0,180,130,310,292,0
94,face,3,363,199,441,299,0
94,face,6,796,52,965,270,0
94,face,1,747,164,842,275,0
95,face,2,481,293,570,415,0
95,face,0,180,131,311,293,0
95,face,3,363,200,440,300,0
95,face,6,787,52,954,272,0
95,face,1,746,164,841,275,0
96,face,2,479,292,572,416,0
96,face,0,183,134,314,295,0
96,face,3,361,202,439,302,0
96,face,6,764,55,935,276,0
96,face,1,743,170,833,276,0
97,face,2,478,292,572,418,0
97,face,0,185,136,314,296,0
97,face,3,360,203,439,302,0
97,face,6,754,58,927,277,0
97,face,1,739,161,829,278,0
98,face,2,478,291,574,419,0
98,face,0,186,139,315,297,0
98,face,3,361,206,438,303,0
98,face,6,747,61,919,279,0
98,face,1,740,166,817,276,0
99,face,2,478,291,569,416,0
99,face,0,186,139,316,297,0
99,face,3,359,206,437,305,0
99,face,6,739,62,910,280,0
99,face,1,741,167,818,277,0
100,face,2,477,291,567,415,0
100,face,0,184,139,317,299,0
100,face,3,359,207,436,306,0
100,face,6,732,67,900,281,0
101,face,2,476,291,566,414,0
101,face,0,179,140,318,300,0
101,face,3,357,207,436,309,0
101,face,6,706,74,865,288,0
102,face,2,475,292,567,415,0
102,face,0,177,140,318,300,0
102,face,3,356,208,435,310,0
102,face,6,694,76,843,293,0
103,face,2,474,292,567,414,0
103,face,0,176,141,317,302,0
103,face,3,356,208,435,311,0
103,face,6,690,91,823,294,0
104,face,2,474,293,566,414,0
104,face,0,177,142,318,302,0
104,face,3,355,209,435,311,0
104,face,6,687,96,809,297,0
105,face,2,474,294,565,414,0
105,face,0,178,145,319,304,0
105,face,3,355,209,435,311,0
105,face,6,683,104,799,300,0
106,face,2,472,293,566,416,0
106,face,0,184,149,325,309,0
106,face,3,355,209,436,311,0
106,face,6,680,110,772,299,0
107,face,2,472,293,567,416,0
107,face,0,188,155,330,315,0
107,face,3,355,209,435,312,0
107,face,6,678,114,766,296,0
108,face,2,471,294,568,416,0
108,face,0,192,158,335,320,0
108,face,3,355,209,436,312,0
108,face,1,678,173,747,293,0
108,face,6,690,116,767,296,0
109,face,2,471,293,567,417,0
109,face,0,202,159,344,322,0
109,face,3,355,209,436,312,0
109,face,1,671,182,746,295,0
109,face,6,687,118,759,298,0
110,face,2,471,294,567,417,0
110,face,0,210,164,345,326,0
110,face,3,356,208,435,311,0
110,face,1,667,185,750,296,0
110,face,6,692,121,764,301,0
111,face,2,470,295,566,418,0
111,face,0,225,176,355,335,0
111,face,3,358,208,435,311,0
111,face,1,653,182,752,291,0
112,face,2,470,295,566,418,0
112,face,0,229,178,357,337,0
112,face,3,358,209,435,310,0
112,face,1,649,180,752,292,0
113,face,2,470,295,566,417,0
113,face,0,235,178,358,336,0
113,face,3,359,208,436,309,0
113,face,1,646,172,753,292,0
114,face,2,470,295,567,417,0
114,face,0,237,179,358,336,0
114,face,3,359,208,436,309,0
114,face,1,643,179,756,293,0
115,face,2,471,294,567,417,0
115,face,0,238,179,358,336,0
115,face,3,360,208,436,309,0
115,face,1,640,174,753,295,0
116,face,2,473,293,568,417,0
116,face,0,238,178,358,335,0
116,face,3,360,208,437,309,0
116,face,1,634,166,753,297,0
117,face,2,473,294,569,417,0
117,face,0,238,178,358,335,0
117,face,3,360,208,437,308,0
117,face,1,633,166,755,297,0
118,face,2,473,294,570,417,0
118,face,0,236,178,358,336,0
118,face,3,361,208,437,307,0
118,face,1,635,163,756,296,0
119,face,2,474,294,570,417,0
119,face,0,235,179,357,336,0
119,face,3,361,208,437,308,0
119,face,1,639,159,762,298,0
119,face,5,607,357,631,411,0
120,face,2,475,295,571,417,0
120,face,0,234,179,356,335,0
120,face,3,361,208,437,308,0
120,face,1,652,142,769,292,0
120,face,6,707,103,791,292,0
120,face,5,608,354,632,408,0
121,face,2,476,295,572,417,0
121,face,0,231,177,355,336,0
121,face,3,360,207,439,311,0
121,face,1,663,171,761,293,0
121,face,6,703,88,826,291,0
121,face,5,608,356,641,416,0
122,face,2,478,296,573,418,0
122,face,0,230,177,354,336,0
122,face,3,360,207,439,311,0
122,face,1,675,170,764,294,0
122,face,6,710,81,837,295,0
122,face,5,609,359,643,419,0
123,face,2,479,297,573,418,0
123,face,0,229,176,353,336,0
123,face,3,360,207,439,311,0
123,face,1,681,172,769,288,0
123,face,6,708,68,864,293,0
123,face,5,608,356,648,416,0
124,face,2,480,296,574,418,0
124,face,0,228,176,351,335,0
124,face,3,359,207,439,311,0
124,face,1,690,167,774,295,0
124,face,6,711,60,883,285,0
124,face,5,606,359,646,419,0
125,face,2,480,296,574,419,0
125,face,0,226,169,348,334,0
125,face,3,359,207,439,311,0
125,face,1,692,171,792,290,0
125,face,6,719,61,891,286,0
125,face,5,606,359,646,419,0
126,face,2,481,296,575,419,0
126,face,0,223,170,344,333,0
126,face,3,359,206,439,311,0
126,face,1,712,150,812,292,0
126,face,6,746,45,941,283,0
126,face,5,603,359,643,419,0
127,face,2,481,295,576,419,0
127,face,0,221,170,341,332,0
127,face,3,359,207,439,311,0
127,face,1,716,168,823,291,0
127,face,6,755,47,950,285,0
127,face,5,602,362,642,422,0
128,face,2,481,295,576,419,0
128,face,0,219,169,339,332,0
128,face,3,359,207,439,310,0
128,face,1,732,166,834,294,0
128,face,6,767,47,962,285,0
129,face,2,482,295,576,419,0
129,face,0,217,169,337,332,0
129,face,3,360,207,439,310,0
129,face,1,735,162,847,292,0
129,face,6,789,43,984,281,0
130,face,2,482,295,576,418,0
130,face,0,214,168,335,331,0
130,face,3,360,208,438,308,0
130,face,6,814,29,1003,272,0
130,face,1,745,157,862,294,0
131,face,2,481,293,577,416,0
131,face,0,212,167,333,329,0
131,face,3,360,208,438,308,0
131,face,6,846,24,1040,276,0
131,face,1,755,155,875,291,0
132,face,2,482,292,577,415,0
132,face,0,211,167,331,329,0
132,face,3,360,208,438,308,0
132,face,6,864,27,1056,274,0
132,face,1,764,155,884,290,0
133,face,2,481,291,577,415,0
133,face,0,210,168,330,329,0
133,face,3,360,208,438,308,0
133,face,6,882,34,1072,273,0
133,face,1,771,155,889,289,0
134,face,2,481,290,577,414,0
134,face,0,208,169,329,329,0
134,face,3,360,208,438,308,0
134,face,6,893,36,1086,277,0
134,face,1,776,158,891,289,0
135,face,2,481,289,577,412,0
135,face,0,208,168,329,330,0
135,face,3,360,208,438,308,0
135,face,6,906,40,1100,281,0
135,face,1,781,156,896,287,0
135,face,4,914,239,971,295,0
136,face,2,481,288,577,410,0
136,face,0,207,169,327,329,0
136,face,3,360,208,438,308,0
136,face,6,933,45,1126,283,0
136,face,1,790,155,903,285,0
136,face,4,914,235,970,291,0
137,face,2,481,288,577,411,0
137,face,0,206,169,326,329,0
137,face,3,360,208,438,308,0
137,face,6,947,50,1138,288,0
137,face,1,793,151,906,283,0
137,face,4,915,244,971,291,0
138,face,2,481,287,578,410,0
138,face,0,205,169,326,329,0
138,face,3,360,208,438,308,0
138,face,6,958,50,1146,288,0
138,face,1,792,149,906,282,0
138,face,4,916,246,972,293,0
139,face,2,481,287,578,410,0
139,face,0,205,169,325,329,0
139,face,3,360,208,438,308,0
139,face,6,967,49,1158,288,0
139,face,1,793,149,907,281,0
139,face,4,917,246,973,293,0
140,face,2,481,287,578,410,0
140,face,0,203,170,323,331,0
140,face,3,360,208,438,308,0
140,face,6,977,51,1164,285,0
140,face,1,794,150,907,280,0
140,face,4,916,244,972,291,0
141,face,2,481,288,578,410,0
141,face,0,200,170,320,335,0
141,face,3,359,208,437,309,0
141,face,6,993,50,1184,280,0
141,face,1,793,150,905,279,0
141,face,4,916,244,972,291,0
142,face,2,481,288,578,410,0
142,face,0,199,170,320,335,0
142,face,3,359,208,437,309,0
142,face,6,1003,49,1192,276,0
142,face,1,793,150,906,280,0
142,face,4,910,237,969,295,0
143,face,2,481,288,579,410,0
143,face,0,198,170,319,336,0
143,face,3,359,208,437,309,0
143,face,6,1012,45,1201,274,0
143,face,1,794,151,908,280,0
143,face,4,911,240,970,298,0
144,face,2,481,289,579,411,0
144,face,0,196,170,317,337,0
144,face,3,359,208,437,309,0
144,face,6,1019,41,1209,271,0
144,face,1,796,152,909,279,0
144,face,4,913,238,970,297,0
145,face,2,483,289,579,412,0
145,face,0,195,170,316,337,0
145,face,3,359,208,437,310,0
145,face,6,1023,40,1213,268,0
145,face,1,799,152,911,279,0
145,face,4,911,237,967,298,0
146,face,2,483,288,580,410,0
146,face,0,197,169,316,337,0
146,face,3,359,208,437,310,0
146,face,6,1031,38,1225,267,0
146,face,1,810,151,922,282,0
146,face,4,916,235,972,296,0
147,face,2,485,288,580,410,0
147,face,0,196,170,315,337,0
147,face,3,359,208,437,310,0
147,face,6,1035,38,1229,267,0
147,face,1,814,151,927,282,0
147,face,4,925,240,969,300,0
148,face,2,485,288,581,411,0
148,face,0,195,171,315,337,0
148,face,3,359,208,437,310,0
148,face,6,1037,36,1232,266,0
148,face,1,819,152,931,283,0
148,face,4,929,243,973,303,0
149,face,2,487,289,582,412,0
149,face,0,195,171,315,336,0
149,face,3,359,208,436,310,0
149,face,6,1039,32,1235,266,0
149,face,1,824,151,936,285,0
149,face,4,930,244,974,304,0
150,face,2,487,289,582,412,0
150,face,0,195,171,316,335,0
150,face,3,359,208,436,310,0
150,face,6,1040,31,1237,265,0
150,face,1,827,151,942,287,0
150,face,4,932,248,974,305,0
151,face,2,487,289,584,411,0
151,face,0,198,175,319,332,0
151,face,3,359,208,436,309,0
151,face,6,1041,25,1241,265,0
151,face,1,833,151,949,287,0
151,face,4,931,247,973,304,0
152,face,2,488,289,585,412,0
152,face,0,200,175,321,331,0
152,face,3,359,208,436,309,0
152,face,6,1041,20,1242,264,0
152,face,1,835,152,950,288,0
153,face,2,489,289,586,413,0
153,face,0,203,175,324,332,0
153,face,3,358,208,436,309,0
153,face,6,1041,17,1245,263,0
153,face,1,835,149,952,288,0
154,face,2,489,290,586,413,0
154,face,0,206,175,327,333,0
154,face,3,358,208,436,309,0
154,face,6,1040,15,1248,263,0
154,face,1,835,149,952,288,0
155,face,2,489,289,587,412,0
155,face,0,209,175,330,333,0
155,face,3,358,208,436,309,0
155,face,6,1040,13,1252,265,0
155,face,1,834,149,952,289,0
156,face,2,490,289,587,411,0
156,face,0,216,175,337,334,0
156,face,3,359,208,436,309,0
156,face,6,1041,10,1256,265,0
156,face,1,829,148,949,288,0
157,face,2,491,290,587,412,0
157,face,0,219,176,340,334,0
157,face,3,358,208,436,309,0
157,face,6,1041,8,1258,265,0
157,face,1,825,146,945,286,0
158,face,2,491,289,587,411,0
158,face,0,222,176,342,334,0
158,face,3,358,207,436,309,0
158,face,6,1041,8,1259,264,0
158,face,1,821,145,939,283,0
159,face,2,492,290,587,412,0
159,face,0,224,175,345,334,0
159,face,3,358,207,436,309,0
159,face,6,1040,6,1260,262,0
159,face,1,817,142,936,280,0
160,face,2,492,289,589,412,0
160,face,0,226,176,348,334,0
160,face,3,357,207,436,309,0
160,face,6,1040,6,1261,262,0
160,face,1,811,142,930,276,0
160,face,4,920,239,971,290,0
161,face,2,492,289,588,412,0
161,face,0,232,180,353,333,0
161,face,3,359,207,436,308,0
161,face,6,1030,5,1252,261,0
161,face,1,796,139,916,273,0
161,face,4,918,235,969,286,0
162,face,2,491,290,588,409,0
162,face,0,235,180,355,334,0
162,face,3,360,207,436,308,0
162,face,6,1021,6,1241,262,0
162,face,1,791,137,911,273,0
162,face,4,903,237,961,285,0
163,face,2,491,290,587,410,0
163,face,0,236,180,356,334,0
163,face,3,360,207,436,308,0
163,face,6,1009,7,1228,261,0
163,face,1,783,138,903,273,0
163,face,4,900,237,960,289,0
164,face,2,492,291,586,410,0
164,face,0,238,179,357,334,0
164,face,3,360,207,436,308,0
164,face,6,1005,7,1213,260,0
164,face,1,778,140,898,271,0
164,face,4,897,236,959,284,0
165,face,2,491,291,584,410,0
165,face,0,239,180,358,334,0
165,face,3,361,207,436,308,0
165,face,6,997,10,1198,264,0
165,face,1,771,140,893,272,0
165,face,4,894,234,957,287,0
166,face,2,491,290,586,411,0
166,face,0,242,179,359,334,0
166,face,3,361,207,436,308,0
166,face,6,990,19,1180,264,0
166,face,1,763,142,885,274,0
166,face,4,889,232,954,287,0
167,face,2,491,290,586,411,0
167,face,0,243,180,359,334,0
167,face,3,362,207,436,308,0
167,face,6,991,16,1176,263,0
167,face,1,762,143,882,276,0
167,face,4,887,232,952,284,0
168,face,2,491,290,585,411,0
168,face,0,244,181,361,335,0
168,face,3,363,208,437,308,0
168,face,6,989,16,1171,266,0
168,face,1,760,141,882,277,0
168,face,4,886,231,952,285,0
169,face,2,490,289,584,414,0
169,face,0,246,180,363,335,0
169,face,3,362,206,438,309,0
169,face,6,987,13,1167,266,0
169,face,1,759,139,882,276,0
169,face,4,889,230,954,284,0
170,face,2,491,291,585,412,0
170,face,0,246,180,363,338,0
170,face,3,362,206,438,308,0
170,face,6,985,11,1166,267,0
170,face,1,760,139,883,276,0
170,face,4,886,231,952,285,0
171,face,2,490,290,585,413,0
171,face,0,249,183,366,340,0
171,face,3,363,206,439,306,0
171,face,6,985,12,1158,266,0
171,face,1,764,138,886,276,0
171,face,4,886,231,948,284,0
172,face,2,489,290,585,414,0
172,face,0,250,185,367,341,0
172,face,3,363,207,440,306,0
172,face,6,984,13,1154,268,0
172,face,1,765,137,889,278,0
172,face,4,886,230,947,285,0
173,face,2,490,290,583,415,0
173,face,0,252,182,367,338,0
173,face,3,360,207,439,308,0
173,face,6,984,13,1154,271,0
173,face,1,768,137,891,277,0
173,face,4,888,231,946,286,0
174,face,2,490,291,583,415,0
174,face,0,252,184,368,339,0
174,face,3,362,206,440,312,0
174,face,6,984,13,1154,271,0
174,face,1,771,138,892,276,0
174,face,4,889,231,946,280,0
175,face,2,491,292,582,413,0
175,face,0,253,186,366,340,0
175,face,3,361,206,439,309,0
175,face,6,984,14,1154,275,0
175,face,1,773,138,894,275,0
175,face,4,891,232,945,282,0
176,face,2,489,291,580,413,0
176,face,0,253,190,363,342,0
176,face,3,362,206,439,309,0
176,face,6,992,15,1165,275,0
176,face,1,778,137,901,272,0
176,face,4,895,234,945,286,0
177,face,2,489,291,580,413,0
177,face,0,254,189,363,344,0
177,face,3,361,206,439,309,0
177,face,6,997,14,1172,275,0
177,face,1,781,135,903,270,0
177,face,4,897,234,951,284,0
178,face,2,490,291,581,413,0
178,face,0,254,190,361,343,0
178,face,3,361,206,439,309,0
178,face,6,1008,15,1183,270,0
178,face,1,784,133,906,268,0
178,face,4,897,232,949,284,0
179,face,2,492,292,582,413,0
179,face,0,254,192,361,345,0
179,face,3,361,206,440,309,0
179,face,6,1020,10,1199,270,0
179,face,1,788,131,910,268,0
179,face,4,900,234,952,286,0
180,face,2,493,293,582,411,0
180,face,0,254,190,362,345,0
180,face,3,361,206,440,311,0
180,face,6,1033,9,1209,264,0
180,face,1,792,130,913,267,0
181,face,0,254,195,366,350,0
181,face,3,362,206,440,310,0
181,face,6,1064,8,1237,258,0
181,face,1,799,129,920,265,0
181,face,2,486,289,558,402,0
181,face,5,618,347,669,404,0
182,face,0,258,197,360,338,0
182,face,3,360,206,440,309,0
182,face,6,1077,7,1248,252,0
182,face,1,802,127,924,264,0
182,face,2,484,288,585,401,0
182,face,5,619,348,670,405,0
183,face,0,260,196,369,337,0
183,face,3,360,207,440,310,0
183,face,6,1093,-4,1257,246,0
183,face,1,805,125,928,263,0
183,face,2,489,290,583,403,0
183,face,5,614,348,666,409,0
184,face,0,262,194,378,340,0
184,face,6,1120,-7,1265,241,0
184,face,1,806,123,931,261,0
184,face,3,372,205,440,304,0
184,face,2,485,288,581,401,0
184,face,5,618,349,670,410,0
185,face,0,268,191,383,339,0
185,face,1,810,120,936,258,0
185,face,3,369,206,437,305,0
185,face,2,489,308,585,399,0
185,face,6,1146,10,1261,242,0
185,face,5,618,350,670,411,0
186,face,0,269,193,393,341,0
186,face,1,818,120,943,259,0
186,face,3,372,213,440,312,0
186,face,2,489,305,585,396,0
186,face,6,1190,16,1269,248,0
186,face,5,621,349,673,410,0
187,face,0,271,192,393,341,0
187,face,1,821,119,946,260,0
187,face,3,372,213,440,312,0
187,face,2,488,310,584,401,0
187,face,6,1221,30,1274,262,0
187,face,5,621,348,673,409,0
188,face,0,271,191,394,341,0
188,face,1,824,120,948,258,0
188,face,3,374,214,442,313,0
188,face,2,487,311,583,402,0
188,face,5,615,342,672,409,0
189,face,0,272,190,397,341,0
189,face,1,825,123,950,257,0
189,face,3,373,214,441,313,0
189,face,2,491,297,587,400,0
189,face,5,618,343,675,410,0
190,face,0,273,189,403,341,0
190,face,1,826,122,952,258,0
190,face,3,370,204,438,303,0
190,face,2,485,296,581,399,0
190,face,5,618,342,675,409,0
191,face,0,277,186,403,338,0
191,face,1,827,124,952,260,0
191,face,3,376,205,444,304,0
191,face,2,484,298,580,413,0
191,face,5,619,342,676,409,0
192,face,0,278,185,405,337,0
192,face,1,826,123,953,260,0
192,face,3,378,205,446,304,0
192,face,2,484,301,580,416,0
192,face,5,620,342,677,409,0
193,face,0,279,184,401,334,0
193,face,1,826,121,953,260,0
193,face,3,375,207,443,306,0
193,face,2,484,301,580,416,0
193,face,5,620,343,677,410,0
194,face,0,285,207,399,338,0
194,face,1,825,122,951,262,0
194,face,3,375,206,443,305,0
194,face,2,485,299,581,414,0
194,face,5,626,342,678,402,0
195,face,0,266,204,403,344,0
195,face,1,823,123,945,262,0
195,face,3,374,206,439,303,0
195,face,2,486,296,582,411,0
195,face,5,627,343,679,403,0
196,face,0,268,194,399,336,0
196,face,1,813,124,938,265,0
196,face,3,376,207,441,304,0
196,face,2,486,295,582,410,0
196,face,5,630,342,682,402,0
197,face,0,276,185,395,331,0
197,face,1,813,123,936,267,0
197,face,3,376,207,441,304,0
197,face,2,487,293,583,408,0
197,face,5,624,335,676,395,0
198,face,0,273,186,388,329,0
198,face,1,812,123,937,269,0
198,face,3,374,207,439,304,0
198,face,2,490,288,586,403,0
198,face,5,625,335,677,395,0
199,face,0,271,185,385,327,0
199,face,1,813,127,937,271,0
199,face,3,374,206,439,303,0
199,face,2,492,283,574,398,0
199,face,5,635,342,674,402,0
200,face,0,266,184,379,327,0
200,face,1,814,127,938,274,0
200,face,3,374,207,439,304,0
200,face,2,491,285,564,400,0
200,face,5,639,342,678,402,0
201,face,0,256,176,375,327,0
201,face,1,818,129,942,274,0
201,face,3,364,206,440,308,0
201,face,2,489,287,571,402,0
202,face,0,252,174,371,326,0
202,face,1,823,129,946,272,0
202,face,3,365,206,440,307,0
202,face,2,485,285,560,406,0
203,face,0,250,174,369,325,0
203,face,1,827,130,949,272,0
203,face,3,365,206,440,306,0
203,face,2,488,278,554,400,0
204,face,0,247,172,366,323,0
204,face,1,831,130,951,272,0
204,face,3,364,206,440,306,0
204,face,2,488,283,554,405,0
205,face,0,243,169,365,322,0
205,face,1,833,129,953,272,0
205,face,3,364,206,440,304,0
206,face,0,242,166,363,319,0
206,face,1,839,124,960,271,0
206,face,3,363,206,440,304,0
207,face,0,244,166,362,318,0
207,face,1,841,123,962,270,0
207,face,3,363,206,440,305,0
208,face,0,246,166,362,318,0
208,face,1,843,119,966,269,0
208,face,3,363,206,440,305,0
209,face,0,248,169,361,319,0
209,face,1,846,119,970,267,0
209,face,3,363,205,440,305,0
210,face,0,249,170,361,319,0
210,face,1,848,120,976,268,0
210,face,3,363,205,440,304,0
211,face,0,245,169,359,319,0
211,face,1,847,120,974,269,0
211,face,3,363,205,440,304,0
212,face,0,243,170,358,320,0
212,face,1,843,119,968,269,0
212,face,3,362,206,440,305,0
213,face,0,240,170,357,319,0
213,face,1,841,119,964,269,0
213,face,3,362,206,440,305,0
213,face,5,650,343,681,398,0
214,face,0,236,171,355,320,0
214,face,1,838,119,963,267,0
214,face,3,362,205,440,304,0
214,face,5,651,343,682,398,0
215,face,0,233,172,352,320,0
215,face,1,838,118,962,263,0
215,face,3,362,205,440,304,0
215,face,5,644,339,682,398,0
216,face,0,221,167,343,316,0
216,face,1,841,116,967,258,0
216,face,3,362,206,440,306,0
216,face,5,638,339,684,398,0
217,face,0,215,163,342,315,0
217,face,1,844,115,973,259,0
217,face,3,362,206,440,306,0
217,face,5,639,339,685,400,0
218,face,0,209,163,339,315,0
218,face,1,845,116,974,257,0
218,face,3,362,206,440,306,0
218,face,5,639,340,685,401,0
219,face,0,201,164,333,315,0
219,face,1,845,115,974,255,0
219,face,3,361,206,440,306,0
219,face,5,639,341,685,402,0
220,face,0,196,164,328,312,0
220,face,1,843,116,973,255,0
220,face,3,361,206,440,306,0
220,face,5,633,338,687,403,0
221,face,0,189,160,322,313,0
221,face,1,839,118,968,260,0
221,face,3,361,206,440,307,0
221,face,5,630,337,684,402,0
222,face,0,188,160,320,312,0
222,face,1,837,122,963,259,0
222,face,3,361,206,440,307,0
222,face,5,632,338,686,403,0
223,face,0,187,159,318,311,0
223,face,1,835,123,956,259,0
223,face,3,361,206,440,307,0
223,face,5,632,337,686,402,0
224,face,0,186,156,317,309,0
224,face,1,832,124,953,261,0
224,face,3,361,206,440,307,0
224,face,5,634,337,688,402,0
225,face,0,186,154,317,305,0
225,face,1,830,126,952,263,0
225,face,3,360,206,440,307,0
225,face,5,630,332,684,397,0
226,face,0,187,145,318,297,0
226,face,1,827,126,949,263,0
226,face,3,360,206,440,307,0
226,face,5,632,330,686,395,0
227,face,0,188,145,315,293,0
227,face,1,827,126,948,263,0
227,face,3,360,206,440,307,0
227,face,5,641,327,684,392,0
228,face,0,188,142,315,291,0
228,face,1,826,125,948,263,0
228,face,3,360,206,439,307,0
229,face,0,188,142,314,290,0
229,face,1,828,126,949,262,0
229,face,3,360,206,439,307,0
230,face,0,187,141,314,290,0
230,face,1,831,122,952,260,0
230,face,3,360,206,439,307,0
231,face,0,188,142,313,290,0
231,face,1,835,118,961,252,0
231,face,3,360,206,439,307,0
232,face,0,188,143,314,290,0
232,face,1,835,117,964,254,0
232,face,3,360,206,439,307,0
233,face,0,189,143,315,291,0
233,face,1,833,116,964,257,0
233,face,3,360,206,439,307,0
234,face,0,189,147,316,292,0
234,face,1,831,120,962,257,0
234,face,3,360,206,439,307,0
234,face,5,639,338,688,393,0
235,face,0,191,149,319,296,0
235,face,1,831,123,959,257,0
235,face,3,360,205,439,305,0
235,face,5,638,335,687,390,0
236,face,0,192,158,320,303,0
236,face,1,830,127,956,261,0
236,face,3,360,205,439,306,0
236,face,5,642,330,691,400,0
237,face,0,193,162,322,306,0
237,face,1,828,126,955,260,0
237,face,3,361,205,441,308,0
237,face,5,639,328,688,398,0
238,face,0,193,165,324,311,0
238,face,1,825,125,952,260,0
238,face,3,361,205,441,308,0
238,face,5,635,326,684,396,0
239,face,0,194,167,325,313,0
239,face,1,824,125,950,260,0
239,face,3,361,205,441,308,0
239,face,5,634,326,683,396,0
240,face,0,195,167,326,313,0
240,face,1,821,125,946,263,0
240,face,3,361,205,441,308,0
240,face,5,636,327,685,397,0
241,face,0,197,167,328,313,0
241,face,1,812,126,939,263,0
241,face,3,361,206,439,306,0
241,face,5,636,326,685,396,0
242,face,0,197,167,329,313,0
242,face,1,808,129,935,266,0
242,face,3,360,206,439,307,0
242,face,5,638,325,687,395,0
243,face,0,199,167,331,313,0
243,face,1,807,131,933,269,0
243,face,3,361,206,439,306,0
243,face,5,636,331,685,401,0
244,face,0,201,167,333,314,0
244,face,1,806,131,930,270,0
244,face,3,360,206,439,307,0
244,face,5,632,332,681,400,0
245,face,0,204,167,336,317,0
245,face,1,803,131,926,268,0
245,face,3,361,206,439,306,0
245,face,5,633,332,681,398,0
246,face,0,213,170,345,321,0
246,face,1,800,129,925,267,0
246,face,3,360,204,441,309,0
246,face,5,633,335,682,398,0
247,face,0,220,175,347,325,0
247,face,1,799,129,924,267,0
247,face,3,361,204,441,309,0
247,face,5,632,335,684,398,0
248,face,0,224,177,351,329,0
248,face,1,797,129,923,269,0
248,face,3,361,204,441,309,0
248,face,5,630,334,685,399,0
249,face,0,227,181,353,331,0
249,face,1,796,128,923,271,0
249,face,3,361,204,441,309,0
249,face,5,627,334,685,399,0
250,face,0,229,183,353,332,0
250,face,1,795,127,922,271,0
250,face,3,361,204,441,309,0
250,face,5,627,333,685,399,0
251,face,0,231,184,355,333,0
251,face,1,795,128,920,268,0
251,face,3,361,204,441,309,0
251,face,5,626,333,685,398,0
252,face,0,232,184,355,333,0
252,face,1,795,129,919,267,0
252,face,3,361,204,441,309,0
252,face,5,627,335,687,397,0
253,face,0,231,183,354,332,0
253,face,1,795,129,918,267,0
253,face,3,361,204,440,309,0
253,face,5,626,333,685,398,0
254,face,0,231,182,353,331,0
254,face,1,796,128,918,267,0
254,face,3,361,204,441,310,0
254,face,5,626,334,684,399,0
255,face,0,230,181,353,330,0
255,face,1,792,130,917,268,0
255,face,3,360,204,440,310,0
255,face,5,626,334,683,399,0
255,face,2,481,307,571,399,0
255,face,4,918,244,967,285,0
256,face,0,227,181,351,330,0
256,face,1,786,128,910,269,0
256,face,3,360,204,440,310,0
256,face,5,626,333,686,397,0
256,face,2,477,304,567,396,0
256,face,4,918,241,975,289,0
257,face,0,226,181,349,329,0
257,face,1,786,125,906,269,0
257,face,3,360,204,440,310,0
257,face,5,626,333,686,397,0
257,face,2,476,289,566,381,0
257,face,4,927,242,984,290,0
258,face,0,224,176,347,326,0
258,face,1,789,126,904,268,0
258,face,3,360,204,440,310,0
258,face,5,627,333,686,397,0
258,face,2,473,286,557,378,0
258,face,4,936,243,993,291,0
259,face,0,224,176,346,325,0
259,face,1,792,126,904,267,0
259,face,3,360,204,440,310,0
259,face,5,626,334,686,397,0
259,face,2,473,285,557,377,0
259,face,4,940,242,1000,292,0
260,face,0,222,176,344,324,0
260,face,1,796,123,904,265,0
260,face,3,360,204,440,310,0
260,face,5,626,334,686,398,0
260,face,2,468,285,556,364,0
260,face,4,941,241,1004,294,0
261,face,0,219,176,342,323,0
261,face,1,797,117,902,264,0
261,face,3,360,204,440,310,0
261,face,5,627,334,686,398,0
261,face,2,468,287,556,366,0
261,face,4,949,238,1015,294,0
262,face,0,219,175,342,323,0
262,face,1,797,118,900,265,0
262,face,3,360,205,440,310,0
262,face,5,627,334,686,398,0
262,face,2,459,290,548,377,0
262,face,4,950,235,1019,293,0
263,face,0,218,174,340,322,0
263,face,1,798,117,900,265,0
263,face,3,360,205,440,310,0
263,face,5,627,334,686,398,0
263,face,2,461,291,550,378,0
263,face,4,951,234,1024,295,0
264,face,0,217,173,339,321,0
264,face,1,799,117,897,265,0
264,face,3,362,208,438,306,0
264,face,5,627,334,686,397,0
264,face,2,460,292,549,379,0
264,face,4,959,225,1025,292,0
265,face,0,216,172,338,319,0
265,face,1,798,116,894,265,0
265,face,3,361,208,438,306,0
265,face,5,627,334,686,397,0
265,face,2,458,293,547,380,0
265,face,4,953,224,1019,295,0
266,face,0,216,171,335,318,0
266,face,1,797,114,892,263,0
266,face,3,361,208,438,307,0
266,face,5,626,334,686,397,0
266,face,2,456,297,545,384,0
266,face,4,954,218,1020,295,0
267,face,0,216,171,334,317,0
267,face,1,796,114,892,262,0
267,face,3,361,208,438,307,0
267,face,5,626,334,686,397,0
267,face,2,455,299,544,386,0
267,face,4,958,211,1018,288,0
268,face,0,216,170,334,317,0
268,face,1,796,113,890,262,0
268,face,3,361,208,438,307,0
268,face,5,626,334,686,397,0
268,face,2,456,291,545,387,0
268,face,4,961,214,1021,291,0
269,face,0,215,170,333,317,0
269,face,1,795,113,890,262,0
269,face,3,361,208,438,306,0
269,face,5,626,334,686,397,0
269,face,2,455,290,544,386,0
269,face,4,958,213,1009,290,0
270,face,0,215,171,332,317,0
270,face,1,794,114,888,262,0
270,face,3,361,208,438,306,0
270,face,5,626,333,686,397,0
270,face,2,458,290,547,386,0
270,face,4,959,214,1010,291,0
271,face,0,214,171,331,318,0
271,face,1,788,114,881,262,0
271,face,3,361,208,438,306,0
271,face,5,626,333,686,398,0
271,face,2,456,289,545,367,0
272,face,0,214,171,331,318,0
272,face,1,785,116,878,265,0
272,face,3,361,208,438,306,0
272,face,5,626,333,686,398,0
272,face,2,458,291,547,369,0
273,face,0,214,171,330,318,0
273,face,1,782,117,872,265,0
273,face,3,361,208,438,305,0
273,face,5,626,333,686,398,0
273,face,2,457,292,546,370,0
274,face,0,213,172,329,318,0
274,face,1,778,116,870,266,0
274,face,3,361,208,438,305,0
274,face,5,626,333,686,399,0
274,face,2,462,287,551,365,0
275,face,0,212,172,328,318,0
275,face,1,776,119,868,267,0
275,face,3,361,208,438,305,0
275,face,5,626,333,686,399,0
275,face,2,463,289,552,367,0
276,face,0,210,172,326,317,0
276,face,1,774,122,864,269,0
276,face,3,361,208,438,305,0
276,face,5,626,333,686,398,0
276,face,2,466,291,555,369,0
277,face,0,210,173,325,317,0
277,face,1,774,123,863,271,0
277,face,3,361,207,438,306,0
277,face,5,626,333,686,398,0
277,face,2,480,291,558,370,0
278,face,0,209,173,325,317,0
278,face,1,773,127,862,275,0
278,face,3,361,207,438,305,0
278,face,5,627,333,686,398,0
278,face,2,483,295,561,349,0
279,face,0,209,173,324,317,0
279,face,1,770,126,861,275,0
279,face,3,360,206,439,305,0
279,face,5,627,333,686,399,0
279,face,2,485,299,563,353,0
280,face,0,208,172,324,317,0
280,face,1,770,128,861,277,0
280,face,3,360,206,440,305,0
280,face,5,627,334,686,399,0
280,face,2,489,299,567,353,0
281,face,0,207,172,324,316,0
281,face,1,770,127,861,278,0
281,face,3,361,203,440,303,0
281,face,5,627,333,686,399,0
281,face,2,490,299,572,356,0
282,face,0,207,172,324,316,0
282,face,1,769,128,862,278,0
282,face,3,360,201,441,302,0
282,face,5,627,333,686,399,0
282,face,2,492,300,574,357,0
283,face,0,207,172,324,316,0
283,face,1,771,126,863,278,0
283,face,3,361,201,441,302,0
283,face,5,627,333,686,399,0
283,face,2,494,300,576,357,0
284,face,0,207,172,324,316,0
284,face,1,771,122,868,276,0
284,face,3,361,201,442,301,0
284,face,5,627,333,686,398,0
284,face,2,495,299,577,356,0
285,face,0,207,172,324,316,0
285,face,1,774,124,873,277,0
285,face,3,362,201,441,301,0
285,face,5,627,333,686,397,0
286,face,0,207,171,324,316,0
286,face,1,780,122,889,274,0
286,face,3,363,201,442,299,0
286,face,5,625,333,684,399,0
287,face,0,207,171,324,315,0
287,face,1,787,127,898,276,0
287,face,3,364,201,442,299,0
287,face,5,628,336,685,398,0
288,face,0,207,169,324,315,0
288,face,1,788,128,904,278,0
288,face,3,365,201,443,299,0
288,face,5,625,337,684,402,0
289,face,0,207,167,323,315,0
289,face,1,790,129,907,278,0
289,face,3,366,200,444,299,0
289,face,5,626,338,685,400,0
290,face,0,207,164,324,313,0
290,face,1,790,128,910,278,0
290,face,3,367,199,447,298,0
290,face,5,627,339,686,398,0
291,face,0,207,162,324,311,0
291,face,1,797,126,915,279,0
291,face,3,371,199,451,296,0
291,face,5,626,339,681,396,0
292,face,0,209,161,325,311,0
292,face,1,800,126,919,277,0
292,face,3,374,199,454,295,0
292,face,5,625,340,681,398,0
292,face,4,799,223,844,284,0
293,face,0,210,160,327,312,0
293,face,1,799,128,924,274,0
293,face,3,378,198,458,295,0
293,face,5,625,341,681,398,0
293,face,4,794,228,847,289,0
294,face,0,213,161,329,311,0
294,face,1,802,125,934,270,0
294,face,3,382,199,461,295,0
294,face,5,625,342,681,398,0
294,face,4,787,217,840,287,0
295,face,0,215,160,331,312,0
295,face,1,805,123,937,266,0
295,face,3,386,199,466,295,0
295,face,5,626,342,682,399,0
295,face,4,784,218,837,288,0
296,face,0,217,160,333,312,0
296,face,1,814,120,942,268,0
296,face,3,394,201,476,297,0
296,face,5,621,339,684,404,0
296,face,4,772,213,834,293,0
297,face,0,218,159,335,312,0
297,face,1,815,120,945,268,0
297,face,3,401,203,480,297,0
297,face,5,623,338,684,403,0
297,face,4,766,213,828,293,0
298,face,0,219,160,336,312,0
298,face,1,813,123,945,269,0
298,face,3,407,209,483,300,0
298,face,5,626,337,682,400,0
298,face,4,769,215,823,295,0
299,face,0,220,160,337,312,0
299,face,1,811,128,942,270,0
299,face,3,413,211,485,299,0
299,face,5,625,334,685,397,0
299,face,4,758,219,812,299,0
300,face,0,220,159,339,312,0
300,face,1,808,129,937,270,0
300,face,3,419,211,488,299,0
300,face,5,626,333,685,398,0
300,face,4,759,221,813,301,0
301,face,0,224,160,341,312,0
301,face,1,798,128,926,268,0
301,face,3,426,214,490,300,0
301,face,5,625,334,686,399,0
301,face,4,756,224,810,304,0
302,face,0,225,160,343,312,0
302,face,1,794,125,922,267,0
302,face,3,428,215,492,301,0
302,face,5,625,333,686,399,0
302,face,4,757,222,811,302,0
303,face,0,227,162,344,313,0
303,face,1,790,126,918,268,0
303,face,3,429,215,492,301,0
303,face,5,625,334,685,398,0
303,face,4,757,224,811,304,0
304,face,0,229,163,345,314,0
304,face,1,787,128,914,269,0
304,face,3,430,216,494,301,0
304,face,5,626,335,684,398,0
304,face,4,757,225,811,305,0
305,face,0,230,162,346,315,0
305,face,1,781,128,911,271,0
305,face,3,431,216,495,300,0
305,face,5,626,337,683,399,0
305,face,4,757,225,811,305,0
306,face,0,229,164,346,316,0
306,face,1,774,130,903,271,0
306,face,3,430,214,496,302,0
306,face,5,625,334,684,398,0
306,face,4,756,223,810,303,0
307,face,0,230,163,346,315,0
307,face,1,772,130,900,270,0
307,face,3,428,215,496,303,0
307,face,5,625,334,683,398,0
307,face,4,758,226,809,302,0
308,face,0,229,163,346,315,0
308,face,1,770,129,898,271,0
308,face,3,423,214,494,303,0
308,face,5,625,334,683,398,0
308,face,4,758,225,809,301,0
309,face,0,229,162,346,314,0
309,face,1,767,132,895,272,0
309,face,3,420,213,492,303,0
309,face,5,625,334,683,398,0
309,face,4,757,226,808,302,0
310,face,0,229,162,347,315,0
310,face,1,766,132,895,273,0
310,face,3,417,212,492,304,0
310,face,5,625,334,683,397,0
310,face,4,757,226,808,302,0
311,face,0,229,161,347,316,0
311,face,1,766,132,895,272,0
311,face,3,413,211,489,303,0
311,face,5,625,334,683,398,0
311,face,4,760,232,811,300,0
312,face,0,228,161,347,315,0
312,face,1,766,133,894,273,0
312,face,3,411,211,487,302,0
312,face,5,625,335,683,398,0
312,face,4,760,233,811,301,0
313,face,0,227,161,346,315,0
313,face,1,767,132,894,273,0
313,face,3,409,210,486,301,0
313,face,5,625,335,683,398,0
313,face,4,761,233,812,301,0
314,face,0,227,160,346,315,0
314,face,1,767,132,895,274,0
314,face,3,408,211,483,301,0
314,face,5,625,335,683,398,0
314,face,4,762,235,813,303,0
315,face,0,226,160,345,315,0
315,face,1,767,133,894,274,0
315,face,3,408,210,481,301,0
315,face,5,625,335,683,398,0
315,face,4,761,235,812,303,0
316,face,0,223,158,343,314,0
316,face,1,768,129,895,273,0
316,face,3,404,211,478,300,0
316,face,5,625,335,683,398,0
316,face,4,762,233,813,301,0
317,face,0,222,157,343,313,0
317,face,1,769,128,896,272,0
317,face,3,403,211,477,299,0
317,face,5,625,335,683,398,0
317,face,4,763,232,814,300,0
318,face,0,221,156,342,313,0
318,face,1,772,129,898,270,0
318,face,3,401,211,475,297,0
318,face,5,625,335,684,398,0
318,face,4,765,233,816,301,0
319,face,0,219,155,340,313,0
319,face,1,773,127,899,269,0
319,face,3,401,211,475,297,0
319,face,5,625,335,684,399,0
319,face,4,766,230,817,298,0
320,face,0,218,153,338,313,0
320,face,1,774,127,901,269,0
320,face,3,400,211,473,295,0
320,face,5,625,334,684,399,0
320,face,4,770,230,821,298,0
321,face,0,215,154,336,312,0
321,face,1,774,129,902,273,0
321,face,3,399,211,471,295,0
321,face,5,625,334,683,399,0
321,face,4,775,232,824,297,0
322,face,0,214,154,334,312,0
322,face,1,773,131,901,275,0
322,face,3,398,211,471,296,0
322,face,5,625,334,683,399,0
323,face,0,213,154,333,312,0
323,face,1,774,132,902,275,0
323,face,3,397,211,471,298,0
323,face,5,625,334,683,399,0
324,face,0,211,155,331,311,0
324,face,1,774,129,904,274,0
324,face,3,397,211,471,301,0
324,face,5,625,334,683,399,0
325,face,0,212,154,330,310,0
325,face,1,775,127,905,274,0
325,face,3,396,210,471,301,0
325,face,5,625,335,683,399,0
326,face,0,209,154,328,309,0
326,face,1,775,123,907,273,0
326,face,3,395,209,470,300,0
326,face,5,625,334,683,399,0
327,face,0,209,153,328,309,0
327,face,1,776,122,908,272,0
327,face,3,395,210,470,299,0
327,face,5,625,334,684,399,0
328,face,0,209,152,327,309,0
328,face,1,777,122,910,271,0
328,face,3,395,209,470,298,0
328,face,5,625,334,684,399,0
329,face,0,209,151,326,309,0
329,face,1,777,122,911,269,0
329,face,3,395,209,470,297,0
329,face,5,625,334,684,399,0
330,face,0,208,152,324,308,0
330,face,1,778,122,913,268,0
330,face,3,395,209,469,297,0
330,face,5,625,334,684,399,0
331,face,0,205,152,322,307,0
331,face,1,780,124,914,268,0
331,face,3,395,209,470,297,0
331,face,5,625,334,684,399,0
332,face,0,205,152,321,307,0
332,face,1,781,124,915,269,0
332,face,3,395,209,470,297,0
332,face,5,625,334,684,399,0
333,face,0,204,152,321,307,0
333,face,1,781,125,914,271,0
333,face,3,395,209,470,297,0
333,face,5,625,334,684,399,0
334,face,0,204,152,321,307,0
334,face,1,781,129,911,273,0
334,face,3,395,209,470,297,0
334,face,5,625,334,684,399,0
335,face,0,203,152,321,307,0
335,face,1,779,130,909,276,0
335,face,3,394,209,470,297,0
335,face,5,625,334,684,399,0
336,face,0,203,152,321,306,0
336,face,1,776,133,905,281,0
336,face,3,394,210,469,297,0
336,face,5,625,334,684,398,0
336,face,2,426,374,479,451,0
337,face,0,203,152,321,306,0
337,face,1,776,135,905,285,0
337,face,3,394,210,468,296,0
337,face,5,626,334,685,399,0
337,face,2,422,373,475,450,0
338,face,0,203,152,320,306,0
338,face,1,775,138,905,288,0
338,face,3,396,211,468,298,0
338,face,5,626,334,685,399,0
338,face,2,417,376,470,453,0
339,face,0,202,152,320,306,0
339,face,1,773,139,904,290,0
339,face,3,395,211,470,296,0
339,face,5,626,334,685,399,0
339,face,2,408,376,471,452,0
340,face,0,201,152,319,306,0
340,face,1,771,141,902,292,0
340,face,3,395,217,459,297,0
340,face,5,626,338,685,402,0
340,face,2,405,370,470,451,0
341,face,0,197,150,317,303,0
341,face,1,771,142,900,292,0
341,face,2,400,358,478,446,0
341,face,5,630,336,686,391,0
342,face,0,195,149,316,301,0
342,face,1,771,142,900,292,0
342,face,2,398,358,476,446,0
342,face,5,627,335,683,390,0
343,face,0,194,148,316,299,0
343,face,1,772,142,901,291,0
343,face,2,398,344,487,444,0
343,face,5,628,335,684,390,0
344,face,0,192,147,315,298,0
344,face,1,774,139,901,291,0
344,face,2,402,348,491,448,0
344,face,5,629,336,685,391,0
345,face,0,191,146,314,299,0
345,face,1,775,138,902,290,0
345,face,2,405,344,498,449,0
345,face,5,628,333,684,388,0
346,face,0,186,146,311,298,0
346,face,1,779,136,904,286,0
346,face,2,410,348,503,453,0
347,face,0,184,145,309,298,0
347,face,1,778,134,904,286,0
347,face,2,414,353,503,453,0
348,face,0,182,145,307,296,0
348,face,1,779,133,903,285,0
348,face,2,417,354,506,454,0
349,face,0,182,145,305,295,0
349,face,1,780,132,902,283,0
349,face,2,423,354,512,454,0
349,face,5,638,340,686,404,0
350,face,0,181,144,304,295,0
350,face,1,779,132,901,283,0
350,face,2,426,354,515,454,0
350,face,5,645,342,693,406,0
351,face,0,180,142,304,296,0
351,face,1,776,133,900,283,0
351,face,2,432,352,521,452,0
351,face,5,644,347,690,408,0
352,face,0,181,142,303,295,0
352,face,1,775,132,898,283,0
352,face,2,430,335,512,447,0
352,face,5,638,347,684,408,0
353,face,0,182,141,304,295,0
353,face,1,773,132,897,283,0
353,face,2,442,329,524,441,0
353,face,5,641,350,687,411,0
354,face,0,182,141,304,294,0
354,face,1,770,136,892,281,0
354,face,2,447,333,529,445,0
354,face,5,645,354,691,415,0
355,face,0,183,141,305,294,0
355,face,1,769,137,892,282,0
355,face,2,450,331,532,443,0
355,face,5,646,356,692,417,0
356,face,0,184,142,307,294,0
356,face,1,766,137,891,283,0
356,face,2,455,331,537,443,0
356,face,5,647,355,693,416,0
357,face,0,184,142,307,293,0
357,face,1,766,137,891,283,0
357,face,2,457,333,539,445,0
357,face,5,655,353,701,414,0
358,face,0,186,141,308,293,0
358,face,1,765,137,891,283,0
358,face,3,399,213,466,292,0
358,face,2,460,335,542,447,0
358,face,5,652,353,698,414,0
359,face,0,187,142,309,293,0
359,face,1,765,136,891,282,0
359,face,3,399,214,464,291,0
359,face,2,462,337,544,449,0
359,face,5,656,353,702,414,0
360,face,0,187,142,310,292,0
360,face,1,765,137,891,280,0
360,face,3,399,214,466,292,0
360,face,2,462,337,544,449,0
360,face,5,656,356,702,417,0
361,face,0,187,140,310,290,0
361,face,1,765,138,891,279,0
361,face,3,400,214,469,295,0
361,face,2,462,341,544,453,0
361,face,5,658,355,704,416,0
362,face,0,187,140,311,290,0
362,face,1,766,138,891,280,0
362,face,3,400,212,468,296,0
362,face,2,466,349,548,461,0
362,face,5,659,353,705,414,0
363,face,0,187,139,312,289,0
363,face,1,767,139,893,280,0
363,face,3,400,211,475,301,0
363,face,2,464,352,546,462,0
363,face,5,661,353,707,414,0
364,face,0,187,139,312,289,0
364,face,1,768,138,893,278,0
364,face,3,399,212,477,300,0
364,face,2,467,357,549,467,0
364,face,5,658,353,706,417,0
365,face,0,188,139,312,289,0
365,face,1,770,136,896,279,0
365,face,3,400,211,474,301,0
365,face,2,467,343,553,458,0
366,face,0,190,140,314,289,0
366,face,1,771,132,897,278,0
366,face,3,399,209,473,303,0
367,face,0,191,139,314,289,0
367,face,1,770,132,897,277,0
367,face,3,399,209,473,303,0
367,face,2,463,332,560,450,0
368,face,0,192,139,315,289,0
368,face,1,771,135,896,275,0
368,face,3,399,209,472,303,0
368,face,2,467,333,564,465,0
369,face,0,192,140,315,289,0
369,face,1,771,136,895,275,0
369,face,3,400,209,473,303,0
369,face,2,468,326,565,458,0
370,face,0,192,139,315,289,0
370,face,1,770,137,894,275,0
370,face,3,400,209,473,303,0
370,face,2,469,332,566,464,0
371,face,0,193,139,316,288,0
371,face,1,769,136,894,275,0
371,face,3,400,209,473,303,0
371,face,2,469,332,566,464,0
372,face,0,193,138,316,288,0
372,face,1,769,137,894,276,0
372,face,3,400,209,473,303,0
372,face,2,471,317,568,449,0
373,face,0,193,137,317,288,0
373,face,1,769,137,894,276,0
373,face,3,400,209,473,302,0
373,face,2,471,319,568,451,0
374,face,0,192,136,317,288,0
374,face,1,770,138,894,274,0
374,face,3,400,210,473,301,0
374,face,2,472,322,569,454,0
375,face,0,192,135,316,287,0
375,face,1,769,137,893,273,0
375,face,3,400,209,474,302,0
375,face,2,472,333,563,442,0
376,face,0,191,135,315,287,0
376,face,1,768,137,893,274,0
376,face,3,400,209,474,301,0
376,face,2,476,335,567,444,0
377,face,0,189,134,315,287,0
377,face,1,768,137,893,274,0
377,face,3,401,211,474,302,0
377,face,2,484,330,575,439,0
378,face,0,188,134,314,286,0
378,face,1,769,136,893,274,0
378,face,3,399,212,471,304,0
378,face,2,483,357,561,440,0
379,face,0,188,133,313,286,0
379,face,1,769,135,893,274,0
379,face,3,399,211,476,306,0
379,face,2,492,355,570,438,0
380,face,0,187,132,313,286,0
380,face,1,769,134,894,274,0
380,face,3,395,212,473,305,0
380,face,2,496,374,561,443,0
381,face,0,184,132,311,286,0
381,face,1,769,132,894,274,0
381,face,3,399,212,473,305,0
382,face,0,182,131,310,286,0
382,face,1,769,132,895,274,0
382,face,3,400,215,475,304,0
383,face,0,179,131,309,287,0
383,face,1,769,132,895,274,0
383,face,3,401,212,476,302,0
384,face,0,178,130,308,287,0
384,face,1,770,131,897,275,0
384,face,3,401,209,476,303,0
385,face,0,178,131,307,287,0
385,face,1,771,131,899,275,0
385,face,3,401,209,474,302,0
386,face,0,177,131,304,286,0
386,face,1,773,129,901,275,0
386,face,3,400,209,474,303,0
387,face,0,177,131,303,286,0
387,face,1,773,129,903,275,0
387,face,3,401,209,474,303,0
388,face,0,176,131,302,286,0
388,face,1,774,128,904,275,0
388,face,3,401,209,474,303,0
389,face,0,176,131,302,286,0
389,face,1,776,127,904,274,0
389,face,3,401,210,474,303,0
390,face,0,174,131,302,287,0
390,face,1,776,127,906,273,0
390,face,3,402,212,474,304,0
391,face,0,173,131,301,286,0
391,face,1,777,128,907,273,0
391,face,3,401,208,476,303,0
392,face,0,173,131,300,286,0
392,face,1,778,129,907,274,0
392,face,3,401,209,475,303,0
392,face,2,514,359,569,435,0
393,face,0,173,131,300,286,0
393,face,1,778,129,907,275,0
393,face,3,401,208,475,303,0
393,face,2,516,364,571,440,0
394,face,0,174,130,300,286,0
394,face,1,778,129,908,275,0
394,face,3,401,208,475,303,0
394,face,2,517,344,576,438,0
395,face,0,174,131,300,286,0
395,face,1,778,129,909,276,0
395,face,3,401,209,475,303,0
395,face,2,512,340,571,434,0
396,face,0,174,131,300,286,0
396,face,1,781,131,912,276,0
396,face,3,401,208,475,303,0
396,face,2,510,346,575,430,0
397,face,0,173,131,300,286,0
397,face,1,783,131,916,275,0
397,face,3,401,208,475,303,0
397,face,2,509,354,574,438,0
398,face,0,173,131,299,286,0
398,face,1,787,131,919,272,0
398,face,3,401,208,475,303,0
398,face,2,508,347,573,431,0
399,face,0,173,131,299,286,0
399,face,1,790,128,923,269,0
399,face,3,401,208,475,303,0
399,face,2,508,352,573,436,0
400,face,0,172,131,299,287,0
400,face,1,792,125,924,266,0
400,face,3,402,208,475,303,0
400,face,2,507,352,572,436,0
401,face,0,172,131,299,286,0
401,face,1,790,122,924,262,0
401,face,3,402,209,476,295,0
401,face,2,509,328,574,435,0
402,face,0,173,131,299,286,0
402,face,1,789,123,921,262,0
402,face,3,400,209,476,292,0
402,face,2,511,316,576,423,0
403,face,0,173,129,299,285,0
403,face,1,788,121,918,262,0
403,face,3,402,210,479,296,0
403,face,2,509,322,574,429,0
404,face,0,173,128,300,284,0
404,face,1,783,123,913,262,0
404,face,3,404,211,474,305,0
404,face,2,508,319,573,426,0
404,face,5,669,335,712,401,0
405,face,0,174,128,299,284,0
405,face,1,777,124,909,263,0
405,face,3,399,206,473,301,0
405,face,5,666,324,711,393,0
406,face,0,176,124,302,282,0
406,face,1,765,125,894,261,0
406,face,3,398,205,472,300,0
406,face,5,646,320,702,395,0
407,face,0,177,123,303,282,0
407,face,1,760,123,886,260,0
407,face,3,398,206,472,301,0
407,face,5,649,318,705,393,0
408,face,0,177,123,305,282,0
408,face,1,755,124,880,260,0
408,face,3,396,205,470,300,0
408,face,5,644,315,700,390,0
409,face,0,179,123,309,283,0
409,face,1,747,125,875,260,0
409,face,3,395,202,469,297,0
409,face,5,641,313,693,388,0
410,face,0,184,126,312,284,0
410,face,1,741,125,868,259,0
410,face,3,401,207,475,302,0
410,face,5,638,311,690,386,0
411,face,0,193,132,320,289,0
411,face,1,732,125,856,257,0
411,face,3,402,209,468,304,0
412,face,0,196,134,323,290,0
412,face,1,727,124,849,257,0
412,face,3,407,206,473,301,0
413,face,0,200,133,326,290,0
413,face,1,723,124,845,259,0
413,face,3,409,206,475,301,0
413,face,2,502,328,545,426,0
414,face,0,200,134,326,290,0
414,face,1,718,124,840,258,0
414,face,3,400,210,473,305,0
414,face,2,502,328,545,426,0
415,face,0,199,133,326,291,0
415,face,1,714,125,837,259,0
415,face,3,402,209,477,300,0
415,face,2,500,327,543,425,0
416,face,0,197,134,322,290,0
416,face,1,708,127,833,258,0
416,face,3,402,210,478,296,0
417,face,0,196,134,321,289,0
417,face,1,708,127,831,260,0
417,face,3,402,209,477,298,0
418,face,0,194,132,320,289,0
418,face,1,705,125,828,261,0
418,face,3,402,209,476,299,0
419,face,0,193,132,320,290,0
419,face,1,703,125,827,259,0
419,face,3,402,208,476,299,0
419,face,2,485,305,556,420,0
420,face,0,193,132,320,290,0
420,face,1,703,125,827,259,0
420,face,3,402,208,476,302,0
420,face,2,483,306,554,421,0
421,face,0,194,132,321,291,0
421,face,1,703,125,827,263,0
421,face,3,402,208,476,303,0
421,face,2,487,304,562,425,0
422,face,0,194,131,322,291,0
422,face,1,704,126,827,264,0
422,face,3,402,208,476,302,0
423,face,0,195,131,323,290,0
423,face,1,704,127,827,264,0
423,face,3,402,208,476,302,0
424,face,0,194,132,322,290,0
424,face,1,704,126,829,263,0
424,face,3,402,208,476,302,0
425,face,0,193,134,321,290,0
425,face,1,706,127,829,262,0
425,face,3,402,208,476,302,0
426,face,0,191,134,318,292,0
426,face,1,708,125,833,260,0
426,face,3,402,208,476,302,0
427,face,0,190,135,317,293,0
427,face,1,709,124,835,260,0
427,face,3,403,208,476,301,0
428,face,0,189,133,317,295,0
428,face,1,710,123,836,261,0
428,face,3,403,208,476,301,0
429,face,0,188,131,316,296,0
429,face,1,712,124,837,262,0
429,face,3,402,208,477,301,0
430,face,0,187,131,315,295,0
430,face,1,712,124,838,263,0
430,face,3,402,208,477,301,0
431,face,0,184,128,313,290,0
431,face,1,712,125,840,265,0
431,face,3,402,208,477,301,0
432,face,0,183,127,313,288,0
432,face,1,713,126,840,267,0
432,face,3,402,208,477,300,0
433,face,0,180,125,311,289,0
433,face,1,712,129,839,268,0
433,face,3,402,208,477,300,0
434,face,0,177,125,310,289,0
434,face,1,713,131,838,269,0
434,face,3,402,208,477,300,0
435,face,0,176,126,309,290,0
435,face,1,709,130,835,271,0
435,face,3,402,208,477,300,0
436,face,0,174,128,307,290,0
436,face,1,706,131,831,273,0
436,face,3,402,208,477,300,0
437,face,0,173,128,305,291,0
437,face,1,703,131,829,273,0
437,face,3,402,208,477,300,0
438,face,0,171,128,304,292,0
438,face,1,702,131,829,273,0
438,face,3,402,208,477,300,0
439,face,0,171,128,304,293,0
439,face,1,701,131,829,274,0
439,face,3,402,208,477,300,0
440,face,0,170,128,304,294,0
440,face,1,699,131,827,274,0
440,face,3,402,208,477,300,0
441,face,0,172,129,304,295,0
441,face,1,696,132,825,276,0
441,face,3,402,208,477,300,0
442,face,0,173,129,305,295,0
442,face,1,695,133,824,277,0
442,face,3,402,208,477,300,0
442,face,2,453,303,537,400,0
443,face,0,175,129,307,295,0
443,face,1,693,133,823,278,0
443,face,3,402,208,476,300,0
443,face,2,455,306,539,403,0
444,face,0,177,128,310,296,0
444,face,1,691,133,822,278,0
444,face,3,402,208,476,301,0
444,face,2,456,307,540,404,0
445,face,0,180,130,311,296,0
445,face,1,690,135,821,280,0
445,face,3,402,208,477,301,0
445,face,2,462,307,546,404,0
446,face,0,188,129,316,295,0
446,face,1,688,136,818,282,0
446,face,3,403,208,476,301,0
446,face,2,461,303,545,424,0
447,face,0,191,127,319,292,0
447,face,1,686,138,816,284,0
447,face,3,403,208,476,302,0
447,face,2,461,303,545,424,0
448,face,0,195,125,322,291,0
448,face,1,685,138,815,284,0
448,face,3,403,208,476,302,0
448,face,2,469,297,553,418,0
449,face,0,196,124,323,289,0
449,face,1,683,138,814,286,0
449,face,3,403,208,476,302,0
449,face,2,472,296,556,417,0
450,face,0,197,160,325,328,0
450,face,1,782,81,934,249,0
450,face,3,361,203,434,298,0
450,face,5,637,325,690,388,0
450,face,2,439,307,532,428,0
451,face,0,186,153,318,331,0
451,face,1,777,82,930,253,0
451,face,3,361,204,434,299,0
451,face,5,637,325,691,388,0
451,face,2,435,307,528,428,0
452,face,0,179,150,311,330,0
452,face,1,775,82,930,255,0
452,face,2,433,314,525,430,0
452,face,3,360,206,434,300,0
452,face,5,637,326,690,387,0
453,face,0,170,148,305,328,0
453,face,1,775,84,926,256,0
453,face,2,432,314,524,429,0
453,face,3,360,206,434,300,0
453,face,5,631,321,690,387,0
454,face,0,165,147,302,324,0
454,face,1,776,81,927,258,0
454,face,2,433,314,524,429,0
454,face,3,360,207,434,300,0
454,face,5,635,322,690,387,0
455,face,0,160,144,297,325,0
455,face,1,777,80,930,259,0
455,face,2,432,315,522,430,0
455,face,3,360,207,433,301,0
455,face,5,638,323,690,387,0
456,face,0,145,135,286,323,0
456,face,1,787,80,939,259,0
456,face,2,430,315,523,432,0
456,face,3,361,209,435,303,0
456,face,5,642,323,690,386,0
457,face,0,139,133,282,321,0
457,face,1,796,79,948,258,0
457,face,2,431,315,524,433,0
457,face,3,361,210,435,303,0
457,face,5,642,324,691,387,0
458,face,0,134,130,279,318,0
458,face,1,802,76,958,255,0
458,face,2,431,315,524,434,0
458,face,3,361,210,435,303,0
458,face,5,642,324,692,388,0
459,face,0,130,128,276,315,0
459,face,1,812,73,967,254,0
459,face,2,431,316,525,435,0
459,face,3,361,209,435,303,0
459,face,5,641,325,693,387,0
460,face,0,126,126,276,316,0
460,face,1,819,66,982,255,0
460,face,2,434,316,527,435,0
460,face,3,361,208,435,301,0
460,face,5,641,326,693,386,0
461,face,0,119,123,270,314,0
461,face,1,847,64,1014,250,0
461,face,2,436,317,531,438,0
461,face,3,362,205,437,300,0
461,face,5,641,326,694,387,0
462,face,0,115,118,268,314,0
462,face,1,863,62,1033,248,0
462,face,2,439,318,533,441,0
462,face,3,363,204,438,299,0
462,face,5,642,327,694,387,0
463,face,0,112,116,266,313,0
463,face,1,885,53,1057,246,0
463,face,2,442,320,536,443,0
463,face,3,364,203,438,297,0
463,face,5,642,327,695,387,0
463,face,4,827,225,890,275,0
464,face,0,109,114,264,312,0
464,face,1,903,50,1079,241,0
464,face,2,445,320,539,444,0
464,face,3,364,202,439,297,0
464,face,5,642,326,696,387,0
464,face,4,825,225,900,279,0
465,face,0,106,113,263,311,0
465,face,1,927,39,1102,241,0
465,face,2,448,320,544,443,0
465,face,3,365,202,440,296,0
465,face,5,643,325,696,387,0
465,face,4,829,225,904,284,0
466,face,0,102,111,259,308,0
466,face,1,965,27,1149,232,0
466,face,2,457,321,555,448,0
466,face,3,366,201,441,295,0
466,face,5,643,325,698,387,0
466,face,4,830,233,901,294,0
467,face,0,100,110,257,307,0
467,face,1,987,23,1175,229,0
467,face,2,462,319,562,448,0
467,face,3,367,201,441,295,0
467,face,5,643,326,699,388,0
467,face,4,830,233,902,301,0
468,face,0,95,107,254,306,0
468,face,1,1006,19,1197,228,0
468,face,2,467,317,567,446,0
468,face,3,367,201,441,295,0
468,face,5,645,326,700,389,0
468,face,4,830,232,900,299,0
469,face,0,91,109,252,305,0
469,face,1,1024,11,1219,225,0
469,face,2,474,315,574,443,0
469,face,3,367,201,441,294,0
469,face,5,645,325,700,388,0
469,face,4,830,232,899,300,0
470,face,0,85,106,250,304,0
470,face,1,1045,9,1243,222,0
470,face,2,477,312,579,444,0
470,face,3,367,201,442,295,0
470,face,5,646,325,701,388,0
470,face,4,830,232,900,303,0
471,face,0,70,99,241,298,0
471,face,1,1085,0,1285,214,0
471,face,2,487,309,591,443,0
471,face,3,368,201,442,295,0
471,face,5,649,327,703,388,0
471,face,4,829,230,904,305,0
472,face,0,65,100,236,295,0
472,face,1,1106,2,1292,215,0
472,face,2,492,309,598,443,0
472,face,3,368,201,442,294,0
472,face,5,650,326,703,388,0
472,face,4,829,230,904,306,0
473,face,0,59,99,233,291,0
473,face,1,1128,0,1296,215,0
473,face,2,497,309,603,443,0
473,face,3,369,202,443,294,0
473,face,5,651,326,704,388,0
473,face,4,830,230,904,305,0
474,face,0,56,98,232,290,0
474,face,2,501,308,607,443,0
474,face,3,370,202,444,296,0
474,face,5,652,326,705,388,0
474,face,4,830,230,904,306,0
475,face,0,55,97,230,288,0
475,face,2,504,307,611,443,0
475,face,3,370,203,444,296,0
475,face,5,652,326,706,387,0
475,face,4,830,230,904,306,0
476,face,0,60,94,230,285,0
476,face,2,510,303,621,443,0
476,face,3,373,205,445,297,0
476,face,5,653,325,707,387,0
476,face,4,829,230,904,306,0
477,face,0,65,91,232,283,0
477,face,2,512,302,625,446,0
477,face,3,374,206,445,298,0
477,face,5,653,325,707,387,0
477,face,4,829,230,904,306,0
478,face,0,71,91,232,281,0
478,face,2,514,304,628,448,0
478,face,3,374,206,445,298,0
478,face,5,654,325,707,386,0
478,face,4,829,230,904,306,0
479,face,0,77,89,236,281,0
479,face,2,516,303,632,449,0
479,face,3,374,207,445,298,0
479,face,5,654,325,707,387,0
479,face,4,829,230,904,306,0
480,face,0,80,89,237,280,0
480,face,2,518,306,636,452,0
480,face,3,373,207,445,299,0
480,face,5,654,325,707,387,0
480,face,4,829,230,904,306,0
481,face,0,86,93,237,281,0
481,face,2,521,307,640,456,0
481,face,3,374,209,445,298,0
481,face,5,654,324,705,386,0
481,face,4,829,230,904,306,0
482,face,0,87,93,239,281,0
482,face,2,524,307,643,456,0
482,face,3,374,209,446,298,0
482,face,5,654,324,704,387,0
482,face,4,829,230,904,306,0
483,face,0,87,92,240,281,0
483,face,2,527,304,648,455,0
483,face,3,375,209,447,298,0
483,face,5,654,323,702,388,0
483,face,4,829,230,904,306,0
484,face,0,88,91,241,281,0
484,face,2,531,302,653,455,0
484,face,3,376,209,447,298,0
484,face,5,652,322,701,388,0
484,face,4,829,230,904,306,0
485,face,0,89,91,243,281,0
485,face,2,537,301,659,455,0
485,face,3,377,208,448,298,0
485,face,4,829,230,904,306,0
485,face,5,662,318,705,388,0
486,face,0,91,89,245,282,0
486,face,2,550,297,674,455,0
486,face,3,378,207,448,296,0
486,face,4,829,229,904,306,0
487,face,0,92,89,246,281,0
487,face,2,556,296,681,457,0
487,face,3,378,206,448,296,0
487,face,4,830,229,905,306,0
488,face,0,94,88,246,281,0
488,face,2,566,295,689,456,0
488,face,3,379,206,450,296,0
488,face,4,829,229,905,306,0
489,face,0,93,88,246,280,0
489,face,2,573,298,697,463,0
489,face,3,380,205,450,296,0
489,face,4,829,229,905,306,0
490,face,0,93,87,246,280,0
490,face,2,581,296,711,462,0
490,face,3,380,205,451,296,0
490,face,4,829,229,905,306,0
491,face,0,92,88,246,281,0
491,face,2,607,295,736,466,0
491,face,3,380,205,451,296,0
491,face,4,830,229,905,306,0
492,face,0,92,87,245,281,0
492,face,2,620,297,752,468,0
492,face,3,380,205,451,296,0
492,face,4,829,229,904,306,0
493,face,0,92,87,245,281,0
493,face,2,636,301,766,474,0
493,face,3,380,205,451,295,0
493,face,4,829,230,904,307,0
494,face,0,91,88,244,281,0
494,face,2,653,303,784,477,0
494,face,3,380,204,451,295,0
494,face,4,829,230,904,307,0
495,face,0,90,89,243,282,0
495,face,2,667,304,803,480,0
495,face,3,380,204,451,295,0
495,face,4,829,230,904,307,0
496,face,0,86,87,239,282,0
496,face,2,710,310,844,484,0
496,face,3,380,204,450,296,0
496,face,4,830,230,904,307,0
496,face,5,633,326,680,388,0
497,face,0,83,86,238,282,0
497,face,2,730,308,866,483,0
497,face,3,379,205,451,296,0
497,face,4,830,229,904,306,0
497,face,5,630,325,684,387,0
498,face,0,81,87,235,282,0
498,face,2,758,308,893,484,0
498,face,3,379,205,450,296,0
498,face,4,829,229,905,304,0
498,face,5,628,325,682,388,0
499,face,0,78,88,231,281,0
499,face,2,779,302,915,485,0
499,face,3,378,205,449,296,0
499,face,4,833,230,906,285,0
499,face,5,627,325,680,387,0
500,face,0,74,88,226,281,0
500,face,2,800,292,938,488,0
500,face,3,377,206,448,296,0
500,face,4,830,230,902,266,0
500,face,5,626,326,678,387,0
501,face,0,65,89,217,280,0
501,face,3,376,208,448,299,0
501,face,5,625,325,677,386,0
501,face,2,853,289,990,489,0
502,face,0,60,89,214,281,0
502,face,3,374,209,446,299,0
502,face,5,623,326,675,387,0
502,face,2,876,293,1013,493,0
503,face,0,56,89,210,282,0
503,face,3,373,208,446,301,0
503,face,5,621,324,674,387,0
503,face,2,898,296,1035,496,0
504,face,0,53,92,205,283,0
504,face,3,372,209,447,304,0
504,face,4,832,233,897,295,0
504,face,5,621,326,674,388,0
504,face,2,919,296,1054,496,0
505,face,0,50,92,203,284,0
505,face,3,371,209,446,305,0
505,face,4,832,231,900,301,0
505,face,5,619,326,672,388,0
505,face,2,945,305,1080,505,0
506,face,0,44,94,193,282,0
506,face,3,371,210,445,305,0
506,face,4,831,230,903,303,0
506,face,5,617,327,670,388,0
506,face,2,989,308,1131,518,0
507,face,0,40,95,187,281,0
507,face,3,371,209,445,304,0
507,face,4,831,230,905,305,0
507,face,5,616,327,670,388,0
507,face,2,1015,317,1157,527,0
508,face,0,36,95,183,282,0
508,face,3,370,208,445,306,0
508,face,4,831,230,905,305,0
508,face,5,615,327,669,389,0
508,face,2,1042,328,1184,538,0
509,face,0,32,97,178,283,0
509,face,3,370,208,444,302,0
509,face,4,831,230,905,305,0
509,face,5,614,327,668,389,0
509,face,2,1071,338,1213,548,0
510,face,0,28,97,174,284,0
510,face,3,371,208,444,299,0
510,face,4,831,230,905,305,0
510,face,5,614,327,667,389,0
510,face,2,1102,336,1251,548,0
511,face,0,23,101,168,283,0
511,face,3,371,206,445,299,0
511,face,4,832,230,906,305,0
511,face,5,614,327,666,388,0
511,face,2,1177,382,1315,561,0
512,face,0,20,102,164,282,0
512,face,3,372,205,445,299,0
512,face,4,833,230,906,305,0
512,face,5,614,327,666,388,0
513,face,0,18,100,160,281,0
513,face,3,372,205,445,299,0
513,face,4,833,230,906,306,0
513,face,5,614,327,668,388,0
514,face,0,18,102,157,281,0
514,face,3,371,204,445,298,0
514,face,4,833,230,906,306,0
514,face,5,615,327,669,388,0
515,face,0,19,106,154,281,0
515,face,3,371,204,445,297,0
515,face,4,834,229,907,305,0
515,face,5,616,327,670,388,0
516,face,0,13,102,149,280,0
516,face,3,370,204,444,298,0
516,face,4,834,229,906,305,0
516,face,5,618,326,671,388,0
517,face,0,12,104,146,279,0
517,face,3,370,204,444,299,0
517,face,4,835,229,907,305,0
517,face,5,620,326,673,388,0
518,face,0,6,101,144,280,0
518,face,3,369,205,443,299,0
518,face,4,835,229,907,305,0
518,face,5,621,325,674,387,0
519,face,0,4,100,143,279,0
519,face,3,369,205,443,299,0
519,face,4,835,229,907,305,0
519,face,5,623,326,675,387,0
520,face,0,4,98,145,278,0
520,face,3,368,206,443,299,0
520,face,4,835,229,907,305,0
520,face,5,624,325,676,387,0
521,face,0,12,97,151,274,0
521,face,3,366,206,442,298,0
521,face,4,835,229,908,305,0
521,face,5,626,326,679,388,0
522,face,0,14,96,154,274,0
522,face,3,366,206,441,299,0
522,face,4,835,229,908,305,0
522,face,5,627,325,681,388,0
523,face,0,15,95,156,273,0
523,face,3,365,208,441,303,0
523,face,4,835,228,908,305,0
523,face,5,628,325,683,388,0
524,face,0,16,93,160,274,0
524,face,3,364,208,440,305,0
524,face,4,835,228,908,306,0
524,face,5,629,325,683,389,0
525,face,0,19,91,167,275,0
525,face,3,363,209,440,306,0
525,face,4,836,228,909,306,0
525,face,5,632,327,686,388,0
526,face,0,32,92,183,275,0
526,face,3,361,210,440,308,0
526,face,4,836,228,909,306,0
526,face,5,636,326,690,388,0
527,face,0,38,89,192,275,0
527,face,3,361,210,440,308,0
527,face,4,837,228,909,305,0
527,face,5,638,324,691,386,0
528,face,0,45,89,201,277,0
528,face,3,361,211,440,309,0
528,face,4,837,228,909,306,0
528,face,5,640,324,693,386,0
529,face,0,53,87,203,276,0
529,face,3,361,211,439,309,0
529,face,4,838,228,909,306,0
529,face,5,641,324,694,386,0
530,face,0,57,87,213,276,0
530,face,3,361,211,440,309,0
530,face,4,838,228,910,306,0
530,face,5,643,326,696,387,0
531,face,0,77,81,236,276,0
531,face,3,362,210,440,309,0
531,face,4,838,228,910,306,0
531,face,5,645,325,700,388,0
532,face,0,87,83,243,276,0
532,face,3,363,209,440,307,0
532,face,4,839,228,910,306,0
532,face,5,646,323,701,388,0
533,face,0,97,81,252,275,0
533,face,3,364,209,441,307,0
533,face,4,839,228,910,306,0
533,face,5,649,325,703,388,0
534,face,0,104,80,264,276,0
534,face,3,364,208,441,306,0
534,face,4,840,228,912,306,0
534,face,5,651,325,705,388,0
535,face,0,112,79,273,278,0
535,face,3,365,208,441,306,0
535,face,4,840,227,912,306,0
535,face,5,652,324,706,387,0
536,face,0,137,81,298,279,0
536,face,3,367,208,442,304,0
536,face,4,842,227,912,306,0
536,face,5,655,323,709,386,0
537,face,0,152,83,310,280,0
537,face,3,367,207,442,303,0
537,face,4,843,226,913,306,0
537,face,5,657,325,711,386,0
538,face,0,165,81,320,279,0
538,face,3,367,207,442,302,0
538,face,4,842,225,914,305,0
538,face,5,658,324,712,385,0
539,face,0,175,80,334,280,0
539,face,3,368,206,442,300,0
539,face,4,843,225,914,305,0
539,face,5,658,324,713,386,0
540,face,0,186,82,344,281,0
540,face,3,368,206,442,300,0
540,face,4,843,224,914,305,0
540,face,5,659,323,715,387,0
541,face,0,221,78,374,279,0
541,face,3,369,206,442,301,0
541,face,4,844,224,916,306,0
541,face,5,662,323,717,387,0
542,face,0,241,77,391,281,0
542,face,3,372,207,442,303,0
542,face,4,844,224,916,306,0
542,face,5,663,321,719,387,0
543,face,0,262,79,406,282,0
543,face,3,370,208,442,305,0
543,face,4,845,224,916,305,0
543,face,5,663,321,720,386,0
544,face,0,286,72,438,297,0
544,face,3,369,209,440,305,0
544,face,4,845,223,917,305,0
544,face,5,664,322,720,386,0
545,face,0,300,76,449,295,0
545,face,3,368,211,439,305,0
545,face,4,846,223,917,304,0
545,face,5,664,322,720,386,0
546,face,0,341,75,493,291,0
546,face,4,847,223,917,304,0
546,face,5,663,321,721,386,0
547,face,0,366,73,517,285,0
547,face,4,846,222,917,303,0
547,face,5,663,321,721,386,0
548,face,0,390,76,538,287,0
548,face,4,846,222,917,304,0
548,face,5,663,321,720,386,0
549,face,0,416,77,562,287,0
549,face,4,846,222,917,303,0
549,face,5,662,321,719,386,0
550,face,0,442,77,588,284,0
550,face,4,846,222,916,303,0
550,face,5,661,321,719,386,0
551,face,3,360,220,431,296,0
551,face,4,846,222,915,303,0
551,face,5,659,320,718,387,0
551,face,0,496,68,644,279,0
552,face,3,358,222,438,303,0
552,face,4,846,222,914,303,0
552,face,5,659,322,716,387,0
552,face,0,522,65,668,278,0
553,face,3,356,225,438,319,0
553,face,4,846,222,914,303,0
553,face,5,658,323,714,386,0
553,face,0,548,65,693,278,0
554,face,3,352,227,438,323,0
554,face,4,845,222,914,303,0
554,face,5,657,322,713,385,0
554,face,0,572,65,718,276,0
555,face,3,351,232,434,330,0
555,face,4,845,222,913,303,0
555,face,5,659,320,715,384,0
555,face,0,594,61,747,279,0
556,face,3,347,242,431,343,0
556,face,4,844,222,913,301,0
556,face,5,657,320,711,384,0
556,face,0,642,62,792,274,0
557,face,3,344,252,428,354,0
557,face,4,844,222,912,301,0
557,face,0,667,58,818,274,0
557,face,5,678,321,710,390,0
558,face,3,342,259,427,364,0
558,face,4,843,221,912,302,0
558,face,0,680,53,835,277,0
559,face,3,341,270,425,374,0
559,face,4,844,220,913,302,0
559,face,0,706,51,861,277,0
560,face,3,337,279,423,386,0
560,face,4,846,222,913,301,0
560,face,0,727,46,886,281,0
561,face,3,331,295,417,405,0
561,face,4,845,222,911,300,0
561,face,0,771,35,937,298,0
562,face,3,329,295,415,406,0
562,face,0,793,34,964,289,0
563,face,3,326,290,415,403,0
563,face,0,815,29,994,281,0
564,face,3,324,281,412,394,0
564,face,0,843,32,1022,283,0
565,face,3,324,267,410,379,0
565,face,0,868,29,1051,283,0
566,face,3,323,233,409,345,0
566,face,0,916,24,1109,285,0
566,face,5,639,324,693,386,0
567,face,3,321,218,408,325,0
567,face,5,637,325,692,387,0
567,face,0,948,26,1137,275,0
568,face,3,320,203,409,311,0
568,face,4,836,224,889,295,0
568,face,0,974,12,1174,273,0
568,face,5,635,324,689,386,0
569,face,3,320,194,410,302,0
569,face,4,835,225,898,298,0
569,face,0,1002,-1,1212,266,0
569,face,5,634,326,688,386,0
570,face,3,323,186,411,294,0
570,face,4,836,224,901,302,0
570,face,0,1036,3,1250,266,0
570,face,5,631,325,685,386,0
571,face,3,334,173,422,279,0
571,face,4,833,224,900,303,0
571,face,0,1110,0,1295,269,0
571,face,5,628,325,682,386,0
572,face,3,341,167,429,271,0
572,face,4,833,224,899,303,0
572,face,5,627,325,681,386,0
573,face,3,347,163,433,264,0
573,face,4,833,225,899,304,0
573,face,5,626,325,679,386,0
574,face,3,351,160,437,260,0
574,face,4,832,225,898,305,0
574,face,5,626,325,677,385,0
575,face,3,357,157,441,258,0
575,face,4,832,225,898,305,0
575,face,5,626,327,677,387,0
576,face,3,367,152,450,251,0
576,face,4,831,225,897,304,0
576,face,5,623,326,675,386,0
577,face,3,371,149,456,247,0
577,face,4,831,225,897,304,0
577,face,5,622,327,675,387,0
578,face,3,376,148,462,247,0
578,face,4,831,225,897,305,0
578,face,5,621,327,673,387,0
579,face,3,380,151,466,244,0
579,face,4,830,225,897,305,0
579,face,5,620,327,673,387,0
580,face,3,384,154,473,244,0
580,face,4,830,225,897,305,0
580,face,5,620,327,672,387,0
581,face,3,394,156,480,244,0
581,face,4,830,225,897,306,0
581,face,5,619,326,672,386,0
582,face,3,398,158,484,244,0
582,face,4,830,225,898,305,0
582,face,5,619,326,673,386,0
583,face,3,401,159,486,245,0
583,face,4,830,225,898,306,0
583,face,5,620,327,673,386,0
584,face,3,403,161,489,245,0
584,face,4,830,225,900,306,0
584,face,5,621,327,674,387,0
585,face,3,405,162,491,246,0
585,face,4,830,226,901,308,0
585,face,5,623,327,675,386,0
586,face,3,408,164,489,252,0
586,face,4,831,225,904,308,0
586,face,5,623,324,676,385,0
587,face,3,408,164,486,256,0
587,face,4,832,225,905,307,0
587,face,5,624,325,677,385,0
588,face,3,406,165,482,260,0
588,face,4,832,226,906,308,0
588,face,5,626,325,678,385,0
589,face,3,403,167,476,260,0
589,face,4,833,226,906,308,0
589,face,5,626,325,678,386,0
590,face,3,397,165,470,259,0
590,face,4,834,227,906,308,0
590,face,5,626,325,680,387,0
591,face,3,377,161,458,258,0
591,face,4,834,227,908,310,0
591,face,5,627,326,680,388,0
592,face,3,369,163,451,256,0
592,face,4,834,227,907,311,0
592,face,5,630,327,685,390,0
593,face,3,360,162,444,257,0
593,face,4,834,228,907,311,0
593,face,5,631,326,687,391,0
594,face,3,358,162,439,257,0
594,face,4,834,228,906,311,0
594,face,5,635,327,689,392,0
595,face,3,355,162,437,258,0
595,face,4,834,229,905,311,0
595,face,5,638,329,691,391,0
596,face,3,348,157,432,255,0
596,face,4,833,230,905,312,0
596,face,5,643,329,695,392,0
597,face,3,346,155,429,253,0
597,face,4,833,230,905,312,0
597,face,5,645,330,699,393,0
598,face,3,345,153,427,252,0
598,face,4,832,230,904,312,0
598,face,5,648,331,702,394,0
599,face,3,343,152,425,253,0
599,face,4,832,230,904,313,0
599,face,5,651,329,707,394,0
600,face,3,342,153,424,249,0
600,face,4,831,230,904,313,0
600,face,5,655,330,710,395,0
601,face,3,341,151,420,253,0
601,face,4,830,231,903,313,0
601,face,5,660,328,718,398,0
602,face,3,339,149,419,251,0
602,face,4,830,231,903,313,0
602,face,5,665,329,722,398,0
603,face,3,337,148,415,247,0
603,face,4,830,231,903,313,0
603,face,5,667,328,724,397,0
604,face,3,334,146,412,246,0
604,face,4,829,231,902,313,0
604,face,5,669,329,726,396,0
605,face,3,330,143,410,246,0
605,face,4,829,231,902,313,0
605,face,5,671,329,728,396,0
606,face,3,323,143,402,240,0
606,face,4,829,231,902,313,0
606,face,5,673,329,730,394,0
607,face,3,320,143,397,242,0
607,face,4,829,231,902,313,0
607,face,5,674,328,730,394,0
608,face,3,317,142,395,246,0
608,face,4,829,231,902,313,0
608,face,5,674,326,732,394,0
609,face,3,310,143,390,247,0
609,face,4,829,231,902,313,0
609,face,5,677,327,733,394,0
610,face,3,307,143,386,246,0
610,face,4,829,231,902,313,0
610,face,5,676,325,735,396,0
611,face,3,298,143,376,247,0
611,face,4,829,231,902,313,0
611,face,5,675,324,736,396,0
611,face,6,1235,111,1280,276,0
612,face,3,294,144,371,243,0
612,face,4,829,231,902,313,0
612,face,5,675,323,736,396,0
612,face,6,1222,110,1284,275,0
613,face,3,291,145,366,244,0
613,face,4,829,231,901,313,0
613,face,5,675,324,735,395,0
613,face,6,1210,109,1279,278,0
614,face,3,288,146,362,245,0
614,face,4,829,231,901,313,0
614,face,5,675,324,735,395,0
614,face,6,1191,122,1287,280,0
615,face,3,285,146,358,245,0
615,face,4,829,232,899,313,0
615,face,5,675,324,735,394,0
615,face,6,1175,123,1287,282,0
616,face,3,277,146,354,245,0
616,face,4,828,232,898,312,0
616,face,5,677,325,738,395,0
616,face,6,1144,128,1280,286,0
617,face,3,276,144,350,244,0
617,face,4,828,230,897,311,0
617,face,5,678,326,740,396,0
617,face,6,1130,127,1266,284,0
618,face,3,273,145,347,245,0
618,face,5,678,325,741,397,0
618,face,6,1114,125,1251,279,0
618,face,4,831,228,895,310,0
619,face,3,268,143,346,248,0
619,face,5,678,327,741,397,0
619,face,6,1102,123,1237,277,0
619,face,4,825,228,889,310,0
620,face,3,264,144,342,248,0
620,face,5,679,329,741,399,0
620,face,6,1088,121,1222,275,0
620,face,4,825,226,889,308,0
621,face,3,259,143,336,248,0
621,face,5,677,333,737,403,0
621,face,6,1064,126,1195,277,0
622,face,3,258,145,332,246,0
622,face,5,678,333,740,402,0
622,face,6,1052,128,1182,276,0
623,face,3,255,144,333,249,0
623,face,5,678,332,740,402,0
623,face,6,1042,131,1171,280,0
624,face,3,253,144,333,249,0
624,face,5,676,332,737,403,0
624,face,6,1033,132,1160,279,0
625,face,3,250,142,332,247,0
625,face,5,676,333,739,401,0
625,face,6,1023,134,1151,279,0
626,face,3,246,138,335,240,0
626,face,5,674,335,736,404,0
626,face,6,1010,133,1135,278,0
627,face,3,246,138,338,236,0
627,face,5,674,335,736,404,0
627,face,1,1004,133,1129,277,0
628,face,3,249,138,344,232,0
628,face,5,674,335,736,406,0
628,face,1,997,132,1123,278,0
629,face,3,252,136,347,228,0
629,face,5,675,337,738,406,0
629,face,1,992,133,1118,276,0
630,face,3,259,134,349,226,0
630,face,5,676,342,736,409,0
630,face,6,989,132,1114,276,0
630,face,4,856,231,900,293,0
631,face,3,267,134,356,222,0
631,face,6,984,132,1109,275,0
631,face,4,846,229,901,304,0
631,face,5,682,334,744,408,0
632,face,3,271,134,356,222,0
632,face,6,981,130,1107,276,0
632,face,4,848,232,903,307,0
632,face,5,680,341,742,415,0
633,face,3,275,134,359,223,0
633,face,6,980,128,1106,275,0
633,face,4,847,230,902,305,0
633,face,5,683,337,745,411,0
634,face,3,278,133,361,224,0
634,face,6,978,126,1104,274,0
634,face,4,846,230,901,305,0
634,face,5,686,340,748,414,0
635,face,3,278,132,361,224,0
635,face,6,977,125,1102,273,0
635,face,4,848,230,903,305,0
635,face,5,688,341,750,415,0
636,face,3,285,132,364,225,0
636,face,6,974,123,1102,273,0
636,face,4,833,228,895,305,0
636,face,5,688,351,750,425,0
637,face,3,289,133,368,224,0
637,face,6,975,121,1103,272,0
637,face,4,830,227,897,308,0
637,face,5,690,355,752,429,0
638,face,3,293,134,372,225,0
638,face,6,976,121,1106,274,0
638,face,4,829,228,898,307,0
638,face,5,691,360,753,434,0
639,face,3,297,136,375,225,0
639,face,6,978,119,1109,273,0
639,face,4,831,228,901,302,0
639,face,5,692,364,754,438,0
640,face,3,297,135,376,229,0
640,face,6,980,114,1114,269,0
640,face,4,831,228,902,302,0
640,face,5,693,369,755,443,0
641,face,3,304,137,381,232,0
641,face,6,989,103,1126,263,0
641,face,4,831,229,901,301,0
641,face,5,693,377,755,451,0
642,face,3,308,138,382,233,0
642,face,6,992,98,1131,263,0
642,face,4,829,228,901,304,0
642,face,5,697,378,759,452,0
643,face,3,310,140,384,233,0
643,face,6,997,95,1137,261,0
643,face,4,830,227,900,303,0
643,face,5,694,377,756,451,0
644,face,3,312,140,387,234,0
644,face,6,1002,93,1144,259,0
644,face,4,831,227,900,302,0
644,face,5,693,377,752,447,0
645,face,3,313,141,388,236,0
645,face,6,1006,89,1150,260,0
645,face,4,830,226,899,303,0
645,face,5,690,371,749,441,0
646,face,3,318,145,390,240,0
646,face,6,1015,84,1165,261,0
646,face,4,830,226,899,306,0
646,face,5,683,360,742,430,0
647,face,3,320,145,391,241,0
647,face,6,1018,81,1171,260,0
647,face,4,831,226,900,302,0
647,face,5,677,355,736,425,0
648,face,3,321,147,393,240,0
648,face,6,1020,77,1176,259,0
648,face,4,830,225,898,306,0
648,face,5,670,351,729,421,0
649,face,3,323,148,395,240,0
649,face,6,1022,71,1180,259,0
649,face,4,830,225,898,305,0
649,face,5,663,348,722,418,0
650,face,3,325,149,397,241,0
650,face,6,1025,65,1183,255,0
650,face,4,830,225,899,305,0
650,face,5,657,345,716,415,0
651,face,3,330,150,401,240,0
651,face,6,1022,58,1181,251,0
651,face,4,830,224,900,304,0
651,face,5,641,338,698,407,0
652,face,3,331,152,403,243,0
652,face,6,1016,54,1176,252,0
652,face,4,829,224,901,304,0
652,face,5,635,335,693,407,0
653,face,3,331,153,402,247,0
653,face,6,1010,54,1167,254,0
653,face,4,828,225,901,306,0
653,face,5,626,332,688,407,0
654,face,3,331,156,404,249,0
654,face,6,1008,58,1152,260,0
654,face,4,829,226,902,307,0
654,face,5,621,332,681,406,0
655,face,3,331,159,405,251,0
655,face,6,1001,61,1138,261,0
655,face,4,827,226,902,307,0
655,face,5,614,331,676,405,0
656,face,3,334,160,409,251,0
656,face,6,993,71,1116,263,0
656,face,4,828,229,903,306,0
656,face,5,608,331,669,403,0
657,face,3,337,159,411,250,0
657,face,6,986,74,1105,266,0
657,face,4,828,230,903,302,0
657,face,5,604,328,666,399,0
658,face,3,339,158,412,250,0
658,face,6,981,75,1098,267,0
658,face,4,829,230,902,304,0
658,face,5,602,327,663,397,0
659,face,3,340,157,414,250,0
659,face,6,977,76,1090,268,0
659,face,4,830,230,903,304,0
659,face,5,599,327,659,397,0
660,face,3,341,159,414,250,0
660,face,6,972,78,1084,270,0
660,face,4,829,228,903,307,0
660,face,5,598,327,659,397,0
661,face,3,344,161,418,251,0
661,face,6,967,79,1072,273,0
661,face,4,829,229,904,309,0
661,face,5,595,325,656,396,0
662,face,3,346,161,421,256,0
662,face,6,964,84,1067,276,0
662,face,4,830,229,903,309,0
662,face,5,594,325,655,396,0
663,face,3,347,161,423,256,0
663,face,6,961,88,1061,278,0
663,face,4,829,229,903,309,0
663,face,5,593,325,655,396,0
664,face,3,350,161,425,259,0
664,face,6,959,88,1059,280,0
664,face,4,830,229,903,309,0
664,face,5,592,325,654,396,0
665,face,3,351,163,427,262,0
665,face,6,958,89,1046,282,0
665,face,4,830,229,903,309,0
665,face,5,591,323,653,396,0
666,face,3,354,167,429,265,0
666,face,6,959,89,1046,283,0
666,face,4,831,230,903,309,0
666,face,5,591,324,653,396,0
667,face,3,355,170,430,267,0
667,face,6,960,91,1048,283,0
667,face,4,831,229,903,309,0
667,face,5,590,323,653,396,0
668,face,3,355,171,431,268,0
668,face,6,965,94,1048,283,0
668,face,4,831,230,903,309,0
668,face,5,589,323,653,396,0
669,face,3,355,172,431,269,0
669,face,6,969,95,1054,283,0
669,face,4,831,230,903,309,0
669,face,5,588,323,653,396,0
670,face,3,355,172,431,270,0
670,face,6,971,91,1055,281,0
670,face,4,831,230,903,309,0
670,face,5,588,325,652,396,0
671,face,3,355,173,431,271,0
671,face,6,975,89,1062,279,0
671,face,4,831,230,903,309,0
671,face,5,588,328,650,398,0
672,face,3,355,172,430,271,0
672,face,6,979,90,1064,277,0
672,face,4,831,230,904,309,0
672,face,5,587,329,650,399,0
673,face,3,354,171,429,271,0
673,face,6,982,88,1066,276,0
673,face,4,831,230,904,309,0
673,face,5,585,327,648,400,0
674,face,3,353,171,428,269,0
674,face,6,986,88,1069,277,0
674,face,4,831,230,904,309,0
674,face,5,585,330,649,404,0
675,face,3,352,169,428,268,0
675,face,6,992,91,1074,278,0
675,face,4,831,230,904,309,0
675,face,5,585,332,649,405,0
676,face,3,350,166,427,267,0
676,face,6,1003,94,1078,277,0
676,face,4,831,230,903,309,0
676,face,5,584,334,647,409,0
677,face,3,349,164,426,266,0
677,face,6,1008,93,1087,277,0
677,face,4,831,230,903,309,0
677,face,5,584,336,647,409,0
678,face,3,347,162,426,265,0
678,face,6,1011,90,1088,275,0
678,face,4,831,230,903,309,0
678,face,5,584,338,646,410,0
679,face,3,346,161,425,263,0
679,face,6,1015,88,1096,272,0
679,face,4,831,230,903,309,0
679,face,5,584,338,647,412,0
680,face,3,345,159,423,263,0
680,face,6,1026,91,1105,275,0
680,face,4,831,230,903,309,0
680,face,5,584,338,646,412,0
681,face,3,342,158,420,257,0
681,face,6,1040,92,1116,272,0
681,face,4,831,230,903,309,0
681,face,5,584,341,647,414,0
682,face,3,339,157,419,258,0
682,face,6,1046,89,1122,270,0
682,face,4,831,230,903,309,0
682,face,5,584,340,647,413,0
683,face,3,337,154,416,254,0
683,face,6,1058,93,1122,271,0
683,face,4,831,230,903,309,0
683,face,5,584,339,646,411,0
684,face,3,333,152,412,253,0
684,face,6,1066,96,1127,272,0
684,face,4,831,230,903,309,0
684,face,5,583,338,646,410,0
685,face,3,330,152,411,254,0
685,face,6,1076,99,1132,280,0
685,face,4,831,230,903,309,0
685,face,5,583,337,645,409,0
686,face,3,324,150,405,250,0
686,face,6,1092,105,1147,277,0
686,face,4,831,230,903,309,0
686,face,5,581,337,643,409,0
687,face,3,320,149,402,249,0
687,face,6,1098,103,1154,277,0
687,face,4,831,230,903,309,0
687,face,5,581,336,642,410,0
